received_at,uptime_ms,device_id,rssi,shot_count,mic_raw,mic_p2p,mic_rms,vibration_x,vibration_y,vibration_z,vibration_magnitude,vibration_jerk,gps_valid,latitude,longitude,altitude_m,speed_kmph,satellites
2026-10-07T21:46:33.529,5463.0,gun_dection,-37,0,1967,29,4.4,1996,1957,2088,19.0,0.9,False,0.0,0.0,0.0,0.0,0
2026-10-07T21:46:33.594,5528.0,gun_dection,-37,0,1971,29,4.4,1996,1951,2083,16.6,2.4,False,0.0,0.0,0.0,0.0,0
2026-10-07T21:46:33.669,5603.0,gun_dection,-37,0,1965,29,4.4,1993,1962,2083,17.1,0.5,False,0.0,0.0,0.0,0.0,0
2026-10-07T21:46:33.723,5657.0,gun_dection,-37,0,1968,29,4.4,1983,1965,2096,21.1,4.1,False,0.0,0.0,0.0,0.0,0
2026-10-07T21:46:33.781,5712.0,gun_dection,-37,0,1968,29,4.4,1994,1961,2087,18.4,2.8,False,0.0,0.0,0.0,0.0,0
2026-10-07T21:46:33.841,5776.0,gun_dection,-37,0,1967,29,4.4,2003,1957,2085,24.3,5.9,False,0.0,0.0,0.0,0.0,0
2026-10-07T21:46:33.896,5830.0,gun_dection,-37,0,1967,29,4.4,1981,1963,2093,17.3,7.0,False,0.0,0.0,0.0,0.0,0
2026-10-07T21:46:33.951,5884.0,gun_dection,-37,0,1967,29,4.4,1982,1961,2095,17.8,0.5,False,0.0,0.0,0.0,0.0,0
2026-10-07T21:46:34.014,5949.0,gun_dection,-37,0,1957,29,4.4,1997,1963,2075,21.0,3.3,False,0.0,0.0,0.0,0.0,0
2026-10-07T21:46:34.069,6003.0,gun_dection,-37,0,1964,29,4.4,1998,1957,2095,24.1,3.0,False,0.0,0.0,0.0,0.0,0
2026-10-07T21:46:34.136,6067.0,gun_dection,-37,0,1967,29,4.4,1990,1960,2085,13.9,10.2,False,0.0,0.0,0.0,0.0,0
2026-10-07T21:46:34.208,6142.0,gun_dection,-37,0,1967,29,4.4,1996,1959,2086,18.5,4.7,False,0.0,0.0,0.0,0.0,0
2026-10-07T21:46:34.276,6196.0,gun_dection,-37,0,1967,29,4.4,1995,1958,2091,19.6,1.0,False,0.0,0.0,0.0,0.0,0
2026-10-07T21:46:34.322,6251.0,gun_dection,-37,0,1967,29,4.4,1993,1952,2093,18.3,1.2,False,0.0,0.0,0.0,0.0,0
2026-10-07T21:46:34.384,6317.0,gun_dection,-37,0,1960,29,4.4,1991,1956,2091,16.0,2.3,False,0.0,0.0,0.0,0.0,0
2026-10-07T21:46:34.439,6372.0,gun_dection,-37,0,1967,29,4.4,1992,1958,2091,17.3,1.3,False,0.0,0.0,0.0,0.0,0
2026-10-07T21:46:34.496,6428.0,gun_dection,-36,0,1967,29,4.4,1989,1959,2098,21.2,3.9,False,0.0,0.0,0.0,0.0,0
2026-10-07T21:46:34.563,6493.0,gun_dection,-36,0,1967,29,4.4,1995,1961,2077,17.7,3.5,False,0.0,0.0,0.0,0.0,0
2026-10-07T21:46:34.616,6548.0,gun_dection,-36,0,1967,29,4.4,1988,1959,2100,22.5,4.8,False,0.0,0.0,0.0,0.0,0
2026-10-07T21:46:34.668,6602.0,gun_dection,-36,0,1967,29,4.4,2001,1957,2099,28.5,6.0,False,0.0,0.0,0.0,0.0,0
2026-10-07T21:46:34.746,6677.0,gun_dection,-36,0,1966,29,4.4,1993,1956,2088,15.5,13.0,False,0.0,0.0,0.0,0.0,0
2026-10-07T21:46:34.807,6741.0,gun_dection,-36,0,1966,29,4.4,1992,1965,2087,18.8,3.3,False,0.0,0.0,0.0,0.0,0
2026-10-07T21:46:34.864,6796.0,gun_dection,-36,0,1965,29,4.4,1998,1963,2091,23.5,4.7,False,0.0,0.0,0.0,0.0,0
2026-10-07T21:46:34.926,6860.0,gun_dection,-36,0,1965,29,4.4,1997,1955,2088,18.6,4.8,False,0.0,0.0,0.0,0.0,0
2026-10-07T21:46:34.986,6914.0,gun_dection,-36,0,1973,29,4.4,1979,1961,2087,11.3,7.3,False,0.0,0.0,0.0,0.0,0
2026-10-07T21:46:35.033,6968.0,gun_dection,-36,0,1968,29,4.4,1995,1965,2087,20.7,9.4,False,0.0,0.0,0.0,0.0,0
2026-10-07T21:46:35.097,7032.0,gun_dection,-36,0,1968,29,4.4,1994,1958,2087,16.3,4.4,False,0.0,0.0,0.0,0.0,0
2026-10-07T21:46:35.152,7086.0,gun_dection,-36,0,1965,29,4.4,1993,1967,2093,23.3,7.0,False,0.0,0.0,0.0,0.0,0
2026-10-07T21:46:35.217,7151.0,gun_dection,-36,0,1967,29,4.4,1994,1963,2086,18.3,5.0,False,0.0,0.0,0.0,0.0,0
2026-10-07T21:46:35.296,7226.0,gun_dection,-36,0,1971,29,4.4,1995,1955,2089,17.2,1.1,False,0.0,0.0,0.0,0.0,0
2026-10-07T21:46:35.354,7280.0,gun_dection,-36,0,1971,29,4.4,2002,1958,2099,29.1,11.9,False,0.0,0.0,0.0,0.0,0
2026-10-07T21:46:35.403,7336.0,gun_dection,-36,0,1971,29,4.4,1992,1963,2099,24.4,4.7,False,0.0,0.0,0.0,0.0,0
2026-10-07T21:46:35.481,7401.0,gun_dection,-36,0,1965,29,4.4,1995,1967,2079,20.8,3.6,False,0.0,0.0,0.0,0.0,0
2026-10-07T21:46:35.526,7457.0,gun_dection,-36,0,1967,29,4.4,1991,1960,2101,24.3,3.6,False,0.0,0.0,0.0,0.0,0
2026-10-07T21:46:35.587,7512.0,gun_dection,-36,0,1971,29,4.4,1961,1961,2106,33.3,9.0,False,0.0,0.0,0.0,0.0,0
2026-10-07T21:46:35.643,7576.0,gun_dection,-37,0,1968,29,4.4,2003,1961,2087,24.9,8.4,False,0.0,0.0,0.0,0.0,0
2026-10-07T21:46:35.697,7630.0,gun_dection,-37,0,1964,29,4.4,2004,1957,2087,24.7,0.2,False,0.0,0.0,0.0,0.0,0
2026-10-07T21:46:35.750,7685.0,gun_dection,-37,0,1971,29,4.4,1991,1971,2099,28.3,3.5,False,0.0,0.0,0.0,0.0,0
2026-10-07T21:46:35.826,7759.0,gun_dection,-37,0,1971,29,4.4,1995,1955,2085,15.2,13.0,False,0.0,0.0,0.0,0.0,0
2026-10-07T21:46:35.889,7824.0,gun_dection,-37,0,1967,29,4.4,1994,1959,2079,15.0,0.2,False,0.0,0.0,0.0,0.0,0
2026-10-07T21:46:35.965,7878.0,gun_dection,-37,0,1967,29,4.4,1997,1954,2095,21.8,6.8,False,0.0,0.0,0.0,0.0,0
2026-10-07T21:46:36.020,7942.0,gun_dection,-37,0,1972,29,4.4,1995,1951,2101,24.9,3.1,False,0.0,0.0,0.0,0.0,0
2026-10-07T21:46:36.065,7996.0,gun_dection,-37,0,1971,29,4.4,1999,1961,2092,23.1,1.7,False,0.0,0.0,0.0,0.0,0
2026-10-07T21:46:36.119,8049.0,gun_dection,-37,0,1971,29,4.4,1981,1965,2099,22.3,0.9,False,0.0,0.0,0.0,0.0,0
2026-10-07T21:46:36.181,8114.0,gun_dection,-37,0,1968,29,4.4,1995,1959,2099,24.1,1.8,False,0.0,0.0,0.0,0.0,0
2026-10-07T21:46:36.237,8167.0,gun_dection,-37,0,1967,29,4.4,1997,1963,2093,22.9,1.2,False,0.0,0.0,0.0,0.0,0
2026-10-07T21:46:36.299,8232.0,gun_dection,-37,0,1967,29,4.4,1995,1965,2085,19.4,3.5,False,0.0,0.0,0.0,0.0,0
2026-10-07T21:46:36.398,8308.0,gun_dection,-37,0,1968,29,4.4,1995,1961,2084,16.8,2.6,False,0.0,0.0,0.0,0.0,0
2026-10-07T21:46:36.430,8364.0,gun_dection,-37,0,1972,29,4.4,1997,1959,2083,17.5,0.7,False,0.0,0.0,0.0,0.0,0
2026-10-07T21:46:36.489,8419.0,gun_dection,-37,0,1967,29,4.4,1993,1961,2093,19.1,1.6,False,0.0,0.0,0.0,0.0,0
2026-10-07T21:46:36.550,8485.0,gun_dection,-37,0,1965,29,4.4,1989,1960,2087,12.6,6.5,False,0.0,0.0,0.0,0.0,0
2026-10-07T21:46:36.609,8540.0,gun_dection,-37,0,1967,29,4.4,1997,1964,2087,20.6,8.0,False,0.0,0.0,0.0,0.0,0
2026-10-07T21:46:36.659,8594.0,gun_dection,-37,0,1967,29,4.4,2003,1955,2094,25.7,5.1,False,0.0,0.0,0.0,0.0,0
2026-10-07T21:46:36.724,8658.0,gun_dection,-37,0,1971,29,4.4,1992,1959,2086,13.7,12.0,False,0.0,0.0,0.0,0.0,0
2026-10-07T21:46:36.778,8713.0,gun_dection,-36,0,1971,29,4.4,1972,1955,2095,17.0,3.3,False,0.0,0.0,0.0,0.0,0
2026-10-07T21:46:36.849,8777.0,gun_dection,-36,0,1967,29,4.4,2005,1952,2085,24.3,7.3,False,0.0,0.0,0.0,0.0,0
2026-10-07T21:46:36.921,8852.0,gun_dection,-36,0,1966,29,4.4,1996,1961,2089,18.9,5.3,False,0.0,0.0,0.0,0.0,0
2026-10-07T21:46:36.972,8906.0,gun_dection,-36,0,1966,29,4.4,1997,1963,2091,21.5,2.6,False,0.0,0.0,0.0,0.0,0
2026-10-07T21:46:37.027,8960.0,gun_dection,-36,0,1971,29,4.4,2023,1975,2075,47.8,26.4,False,0.0,0.0,0.0,0.0,0
2026-10-07T21:46:37.089,9024.0,gun_dection,-36,0,1967,29,4.4,1996,1959,2084,16.3,31.5,False,0.0,0.0,0.0,0.0,0
2026-10-07T21:46:37.143,9078.0,gun_dection,-36,0,1967,29,4.4,1981,1955,2099,18.2,1.9,False,0.0,0.0,0.0,0.0,0
2026-10-07T21:46:37.207,9142.0,gun_dection,-36,0,1967,29,4.4,2001,1961,2079,21.5,3.3,False,0.0,0.0,0.0,0.0,0
2026-10-07T21:46:37.264,9196.0,gun_dection,-36,0,1967,29,4.4,1983,1951,2100,19.1,2.4,False,0.0,0.0,0.0,0.0,0
2026-10-07T21:46:37.321,9250.0,gun_dection,-36,0,1971,32,3.6,1993,1977,2095,30.4,11.3,False,0.0,0.0,0.0,0.0,0
2026-10-07T21:46:37.400,9316.0,gun_dection,-36,0,1967,32,3.6,1995,1963,2085,17.5,12.9,False,0.0,0.0,0.0,0.0,0
2026-10-07T21:46:37.460,9392.0,gun_dection,-36,0,1970,32,3.6,1994,1966,2089,20.0,2.4,False,0.0,0.0,0.0,0.0,0
2026-10-07T21:46:37.515,9448.0,gun_dection,-36,0,1968,32,3.6,1993,1967,2091,20.9,0.9,False,0.0,0.0,0.0,0.0,0
2026-10-07T21:46:37.824,9503.0,gun_dection,-36,0,1967,32,3.6,1995,1944,2101,25.6,4.7,False,0.0,0.0,0.0,0.0,0
2026-10-07T21:46:37.825,9568.0,gun_dection,-36,0,1971,32,3.6,1992,1964,2087,16.5,9.1,False,0.0,0.0,0.0,0.0,0
2026-10-07T21:46:37.825,9622.0,gun_dection,-36,0,1967,32,3.6,2007,1947,2083,26.2,9.7,False,0.0,0.0,0.0,0.0,0
2026-10-07T21:46:37.825,9676.0,gun_dection,-36,0,1972,32,3.6,1976,1961,2083,10.1,16.1,False,0.0,0.0,0.0,0.0,0
2026-10-07T21:46:37.826,9740.0,gun_dection,-36,0,1971,32,3.6,1983,1962,2085,10.1,0.0,False,0.0,0.0,0.0,0.0,0
2026-10-07T21:46:37.860,9794.0,gun_dection,-36,0,1956,32,3.6,1979,1947,2107,26.6,16.5,False,0.0,0.0,0.0,0.0,0
2026-10-07T21:46:37.930,9858.0,gun_dection,-36,0,1965,32,3.6,1993,1965,2089,18.5,8.1,False,0.0,0.0,0.0,0.0,0
2026-10-07T21:46:38.002,9933.0,gun_dection,-36,0,1968,32,3.6,2001,1965,2083,23.0,4.5,False,0.0,0.0,0.0,0.0,0
2026-10-07T21:46:38.053,9987.0,gun_dection,-36,0,1971,32,3.6,1992,1961,2104,26.3,3.3,False,0.0,0.0,0.0,0.0,0
2026-10-07T21:46:38.107,10041.0,gun_dection,-36,0,1966,32,3.6,2007,1960,2090,27.8,1.5,False,0.0,0.0,0.0,0.0,0
2026-10-07T21:46:38.172,10106.0,gun_dection,-36,0,1972,32,3.6,1993,1965,2079,16.8,11.0,False,0.0,0.0,0.0,0.0,0
2026-10-07T21:46:38.225,10160.0,gun_dection,-36,0,1971,32,3.6,1997,1957,2093,19.7,2.9,False,0.0,0.0,0.0,0.0,0
2026-10-07T21:46:38.296,10224.0,gun_dection,-36,0,1968,32,3.6,1999,1962,2077,20.0,0.3,False,0.0,0.0,0.0,0.0,0
2026-10-07T21:46:38.346,10279.0,gun_dection,-36,0,1966,32,3.6,2038,1959,2101,59.9,39.9,False,0.0,0.0,0.0,0.0,0
2026-10-07T21:46:38.403,10334.0,gun_dection,-36,0,1967,32,3.6,1989,1979,2093,29.4,30.5,False,0.0,0.0,0.0,0.0,0
2026-10-07T21:46:38.469,10400.0,gun_dection,-36,0,1968,32,3.6,1995,1963,2077,17.1,12.4,False,0.0,0.0,0.0,0.0,0
2026-10-07T21:46:38.546,10476.0,gun_dection,-36,0,1967,32,3.6,2008,1959,2087,27.4,10.3,False,0.0,0.0,0.0,0.0,0
2026-10-07T21:46:38.597,10531.0,gun_dection,-36,0,1967,32,3.6,2008,1951,2105,35.2,7.8,False,0.0,0.0,0.0,0.0,0
2026-10-07T21:46:38.654,10586.0,gun_dection,-36,0,1971,32,3.6,1993,1963,2095,20.1,15.1,False,0.0,0.0,0.0,0.0,0
2026-10-07T21:46:38.715,10650.0,gun_dection,-36,0,1967,32,3.6,1993,1963,2083,14.9,5.2,False,0.0,0.0,0.0,0.0,0
2026-10-07T21:46:38.770,10704.0,gun_dection,-36,0,1970,32,3.6,1976,1975,2095,26.5,11.6,False,0.0,0.0,0.0,0.0,0
2026-10-07T21:46:38.839,10768.0,gun_dection,-36,0,1972,32,3.6,2003,1957,2084,21.5,5.0,False,0.0,0.0,0.0,0.0,0
2026-10-07T21:46:38.893,10822.0,gun_dection,-36,0,1967,32,3.6,2005,1963,2093,27.5,6.0,False,0.0,0.0,0.0,0.0,0
2026-10-07T21:46:38.941,10876.0,gun_dection,-36,0,1967,32,3.6,1993,1961,2096,19.7,7.7,False,0.0,0.0,0.0,0.0,0
2026-10-07T21:46:39.006,10940.0,gun_dection,-36,0,1967,32,3.6,1993,1963,2083,14.7,5.0,False,0.0,0.0,0.0,0.0,0
2026-10-07T21:46:39.085,11015.0,gun_dection,-36,0,1967,32,3.6,1991,1960,2087,12.4,2.3,False,0.0,0.0,0.0,0.0,0
2026-10-07T21:46:39.135,11069.0,gun_dection,-36,0,1970,32,3.6,2001,1955,2095,23.2,10.8,False,0.0,0.0,0.0,0.0,0
2026-10-07T21:46:39.200,11133.0,gun_dection,-36,0,1965,32,3.6,2004,1960,2079,23.0,0.2,False,0.0,0.0,0.0,0.0,0
2026-10-07T21:46:39.252,11187.0,gun_dection,-36,0,1967,32,3.6,1999,1960,2093,21.4,1.6,False,0.0,0.0,0.0,0.0,0
2026-10-07T21:46:39.319,11242.0,gun_dection,-36,0,1977,32,3.6,2008,1916,2107,51.8,30.5,False,0.0,0.0,0.0,0.0,0
2026-10-07T21:46:39.377,11307.0,gun_dection,-36,0,1971,32,3.6,2003,1957,2105,31.4,20.4,False,0.0,0.0,0.0,0.0,0
2026-10-07T21:46:39.431,11363.0,gun_dection,-36,0,1967,32,3.6,1989,1961,2102,22.7,8.6,False,0.0,0.0,0.0,0.0,0
2026-10-07T21:46:39.484,11418.0,gun_dection,-36,0,1967,32,3.6,2041,1956,2088,59.0,36.2,False,0.0,0.0,0.0,0.0,0
2026-10-07T21:46:39.553,11484.0,gun_dection,-36,0,1967,32,3.6,1991,1963,2087,14.0,45.0,False,0.0,0.0,0.0,0.0,0
2026-10-07T21:46:39.625,11560.0,gun_dection,-36,0,1970,32,3.6,1993,1958,2093,16.1,2.1,False,0.0,0.0,0.0,0.0,0
2026-10-07T21:46:39.678,11614.0,gun_dection,-36,0,2063,32,3.6,1980,1963,2095,16.7,0.6,False,0.0,0.0,0.0,0.0,0
2026-10-07T21:46:39.745,11678.0,gun_dection,-36,0,1967,32,3.6,1993,1967,2083,17.3,0.7,False,0.0,0.0,0.0,0.0,0
2026-10-07T21:46:39.799,11732.0,gun_dection,-36,0,1971,32,3.6,2009,1963,2073,29.5,12.2,False,0.0,0.0,0.0,0.0,0
2026-10-07T21:46:39.854,11786.0,gun_dection,-36,0,1966,32,3.6,1989,1963,2093,16.2,13.4,False,0.0,0.0,0.0,0.0,0
2026-10-07T21:46:39.919,11850.0,gun_dection,-36,0,1967,32,3.6,2003,1955,2084,20.5,4.4,False,0.0,0.0,0.0,0.0,0
2026-10-07T21:46:39.969,11904.0,gun_dection,-36,0,1967,32,3.6,1991,1965,2121,41.7,21.2,False,0.0,0.0,0.0,0.0,0
2026-10-07T21:46:40.035,11968.0,gun_dection,-36,0,1968,32,3.6,1991,1965,2086,14.9,26.8,False,0.0,0.0,0.0,0.0,0
2026-10-07T21:46:40.310,12022.0,gun_dection,-36,0,1967,32,3.6,1995,1965,2083,17.0,2.1,False,0.0,0.0,0.0,0.0,0
2026-10-07T21:46:40.311,12097.0,gun_dection,-36,0,1971,32,3.6,2003,1960,2086,21.7,4.7,False,0.0,0.0,0.0,0.0,0
2026-10-07T21:46:40.311,12162.0,gun_dection,-36,0,1967,32,3.6,1996,1961,2087,16.1,5.6,False,0.0,0.0,0.0,0.0,0
2026-10-07T21:46:40.311,12216.0,gun_dection,-36,0,1965,32,3.6,2005,1965,2077,25.5,9.4,False,0.0,0.0,0.0,0.0,0
2026-10-07T21:46:40.343,12270.0,gun_dection,-36,0,1967,32,3.6,1979,1973,2101,27.6,2.1,False,0.0,0.0,0.0,0.0,0
2026-10-07T21:46:40.403,12336.0,gun_dection,-36,0,1967,32,3.6,1995,1965,2091,19.1,8.6,False,0.0,0.0,0.0,0.0,0
2026-10-07T21:46:40.460,12391.0,gun_dection,-36,0,1967,32,3.6,2003,1946,2093,24.1,5.1,False,0.0,0.0,0.0,0.0,0
2026-10-07T21:46:40.518,12446.0,gun_dection,-36,0,1967,32,3.6,1997,1950,2093,18.2,5.9,False,0.0,0.0,0.0,0.0,0
2026-10-07T21:46:40.600,12512.0,gun_dection,-36,0,1974,32,3.6,1999,1963,2083,18.7,0.5,False,0.0,0.0,0.0,0.0,0
2026-10-07T21:46:40.632,12566.0,gun_dection,-36,0,1967,32,3.6,1997,1963,2089,18.3,0.4,False,0.0,0.0,0.0,0.0,0
2026-10-07T21:46:40.708,12641.0,gun_dection,-36,0,1966,32,3.6,1997,1965,2079,18.4,0.0,False,0.0,0.0,0.0,0.0,0
2026-10-07T21:46:40.776,12706.0,gun_dection,-36,0,1966,32,3.6,1989,1961,2088,11.3,7.1,False,0.0,0.0,0.0,0.0,0
2026-10-07T21:46:40.827,12760.0,gun_dection,-36,0,1971,32,3.6,1992,1960,2101,21.9,10.6,False,0.0,0.0,0.0,0.0,0
2026-10-07T21:46:40.881,12814.0,gun_dection,-36,0,1965,32,3.6,1983,1963,2099,19.4,2.5,False,0.0,0.0,0.0,0.0,0
2026-10-07T21:46:40.944,12878.0,gun_dection,-36,0,1971,32,3.6,1995,1963,2085,15.5,3.9,False,0.0,0.0,0.0,0.0,0
2026-10-07T21:46:40.998,12932.0,gun_dection,-36,0,1967,32,3.6,1999,1947,2087,17.9,2.4,False,0.0,0.0,0.0,0.0,0
2026-10-07T21:46:41.063,12996.0,gun_dection,-36,0,1967,32,3.6,1991,1960,2089,12.3,5.6,False,0.0,0.0,0.0,0.0,0
2026-10-07T21:46:41.116,13050.0,gun_dection,-36,0,1967,32,3.6,1967,1977,2107,37.8,25.5,False,0.0,0.0,0.0,0.0,0
2026-10-07T21:46:41.183,13114.0,gun_dection,-36,0,1965,32,3.6,1993,1960,2083,11.8,26.0,False,0.0,0.0,0.0,0.0,0
2026-10-07T21:46:41.259,13189.0,gun_dection,-36,0,1967,32,3.6,1991,1963,2083,12.3,0.5,False,0.0,0.0,0.0,0.0,0
2026-10-07T21:46:41.314,13244.0,gun_dection,-36,0,1973,32,3.6,2005,1946,2110,36.2,23.9,False,0.0,0.0,0.0,0.0,0
2026-10-07T21:46:41.365,13299.0,gun_dection,-36,0,1966,32,3.6,1995,1965,2095,20.8,15.4,False,0.0,0.0,0.0,0.0,0
2026-10-07T21:46:41.437,13364.0,gun_dection,-36,0,1967,32,3.6,1997,1961,2087,16.3,4.4,False,0.0,0.0,0.0,0.0,0
2026-10-07T21:46:41.487,13420.0,gun_dection,-36,0,1971,32,3.6,1989,1955,2099,17.7,1.4,False,0.0,0.0,0.0,0.0,0
2026-10-07T21:46:41.543,13475.0,gun_dection,-36,0,1966,32,3.6,1995,1959,2095,18.1,0.4,False,0.0,0.0,0.0,0.0,0
2026-10-07T21:46:41.606,13541.0,gun_dection,-36,0,1971,32,3.6,1995,1959,2087,13.7,4.4,False,0.0,0.0,0.0,0.0,0
2026-10-07T21:46:41.660,13595.0,gun_dection,-36,0,1967,32,3.6,1995,1959,2093,16.7,3.0,False,0.0,0.0,0.0,0.0,0
2026-10-07T21:46:41.714,13649.0,gun_dection,-36,0,1965,32,3.6,2001,1972,2085,25.6,8.9,False,0.0,0.0,0.0,0.0,0
2026-10-07T21:46:41.792,13724.0,gun_dection,-36,0,1979,32,3.6,1993,1961,2099,20.5,5.1,False,0.0,0.0,0.0,0.0,0
2026-10-07T21:46:41.876,13788.0,gun_dection,-36,0,1967,32,3.6,2019,1948,2106,43.1,22.6,False,0.0,0.0,0.0,0.0,0
2026-10-07T21:46:41.907,13842.0,gun_dection,-36,0,1971,32,3.6,2003,1946,2094,24.0,19.1,False,0.0,0.0,0.0,0.0,0
2026-10-07T21:46:41.971,13906.0,gun_dection,-36,0,1971,32,3.6,1976,1949,2085,9.2,14.8,False,0.0,0.0,0.0,0.0,0
2026-10-07T21:46:42.029,13960.0,gun_dection,-36,0,1971,32,3.6,1967,1945,2123,44.6,35.4,False,0.0,0.0,0.0,0.0,0
2026-10-07T21:46:42.079,14015.0,gun_dection,-36,0,1967,32,3.6,1989,1913,2142,72.2,27.6,False,0.0,0.0,0.0,0.0,0
2026-10-07T21:46:42.149,14079.0,gun_dection,-36,0,1963,107,10.9,1991,1935,2125,46.8,25.4,False,0.0,0.0,0.0,0.0,0
2026-10-07T21:46:42.199,14133.0,gun_dection,-29,0,1967,107,10.9,2006,1940,2093,28.2,18.6,False,0.0,0.0,0.0,0.0,0
2026-10-07T21:46:42.265,14197.0,gun_dection,-29,0,1966,107,10.9,2003,1941,2053,37.8,9.5,False,0.0,0.0,0.0,0.0,0
2026-10-07T21:46:42.345,14273.0,gun_dection,-29,0,1967,107,10.9,1995,1943,2039,46.4,8.7,False,0.0,0.0,0.0,0.0,0
2026-10-07T21:46:42.397,14328.0,gun_dection,-29,0,1967,107,10.9,2006,1946,2071,26.4,20.1,False,0.0,0.0,0.0,0.0,0
2026-10-07T21:46:42.456,14384.0,gun_dection,-29,0,1967,107,10.9,2011,1935,2044,50.8,24.5,False,0.0,0.0,0.0,0.0,0
2026-10-07T21:46:42.519,14449.0,gun_dection,-29,0,1979,107,10.9,1995,1915,2004,88.2,37.4,False,0.0,0.0,0.0,0.0,0
2026-10-07T21:46:42.823,14505.0,gun_dection,-29,0,1970,107,10.9,2009,1931,2023,68.3,19.9,False,0.0,0.0,0.0,0.0,0
2026-10-07T21:46:42.824,14570.0,gun_dection,-29,0,1965,107,10.9,2011,1932,2020,71.2,2.9,False,0.0,0.0,0.0,0.0,0
2026-10-07T21:46:42.824,14624.0,gun_dection,-29,0,1967,107,10.9,2008,1937,2031,58.9,12.4,False,0.0,0.0,0.0,0.0,0
2026-10-07T21:46:42.824,14688.0,gun_dection,-29,0,1958,107,10.9,1999,1939,2021,64.5,5.6,False,0.0,0.0,0.0,0.0,0
2026-10-07T21:46:42.825,14742.0,gun_dection,-29,0,1971,107,10.9,2043,1945,2059,63.9,0.6,False,0.0,0.0,0.0,0.0,0
2026-10-07T21:46:42.883,14817.0,gun_dection,-29,0,1977,107,10.9,2009,1946,2089,27.0,37.0,False,0.0,0.0,0.0,0.0,0
2026-10-07T21:46:42.953,14881.0,gun_dection,-29,0,1967,107,10.9,1989,1957,2096,15.4,11.6,False,0.0,0.0,0.0,0.0,0
2026-10-07T21:46:43.000,14935.0,gun_dection,-29,0,1966,107,10.9,1979,1943,2103,23.9,8.5,False,0.0,0.0,0.0,0.0,0
2026-10-07T21:46:43.065,14999.0,gun_dection,-29,0,1965,107,10.9,1992,1943,2134,53.6,29.7,False,0.0,0.0,0.0,0.0,0
2026-10-07T21:46:43.121,15053.0,gun_dection,-29,0,2001,107,10.9,1961,1940,2089,27.4,26.2,False,0.0,0.0,0.0,0.0,0
2026-10-07T21:46:43.185,15118.0,gun_dection,-29,0,1971,107,10.9,1963,1947,2084,22.0,5.5,False,0.0,0.0,0.0,0.0,0
2026-10-07T21:46:43.241,15172.0,gun_dection,-29,0,1967,107,10.9,1967,1941,2101,28.1,6.2,False,0.0,0.0,0.0,0.0,0
2026-10-07T21:46:43.304,15236.0,gun_dection,-29,0,1965,107,10.9,1973,1941,2085,16.6,11.6,False,0.0,0.0,0.0,0.0,0
2026-10-07T21:46:43.363,15291.0,gun_dection,-29,0,1967,107,10.9,1964,1944,2089,22.9,6.4,False,0.0,0.0,0.0,0.0,0
2026-10-07T21:46:43.440,15367.0,gun_dection,-38,0,1967,107,10.9,1981,1959,2086,7.7,15.3,False,0.0,0.0,0.0,0.0,0
2026-10-07T21:46:43.490,15423.0,gun_dection,-38,0,1967,107,10.9,1971,1971,2111,36.3,28.7,False,0.0,0.0,0.0,0.0,0
2026-10-07T21:46:43.554,15489.0,gun_dection,-38,0,1967,107,10.9,2010,1947,2068,30.4,5.9,False,0.0,0.0,0.0,0.0,0
2026-10-07T21:46:43.609,15544.0,gun_dection,-38,0,1967,107,10.9,1977,1967,2079,15.9,14.5,False,0.0,0.0,0.0,0.0,0
2026-10-07T21:46:43.673,15608.0,gun_dection,-38,0,1971,107,10.9,1947,1943,2105,44.5,28.7,False,0.0,0.0,0.0,0.0,0
2026-10-07T21:46:43.727,15662.0,gun_dection,-38,0,1975,107,10.9,2003,1951,2123,45.1,0.6,False,0.0,0.0,0.0,0.0,0
2026-10-07T21:46:43.802,15726.0,gun_dection,-38,0,2059,107,10.9,1917,1955,2119,76.3,31.2,False,0.0,0.0,0.0,0.0,0
2026-10-07T21:46:43.845,15780.0,gun_dection,-38,0,1967,107,10.9,1975,1973,2126,48.7,27.5,False,0.0,0.0,0.0,0.0,0
2026-10-07T21:46:43.911,15844.0,gun_dection,-33,0,1967,107,10.9,1951,1967,2093,37.0,11.7,False,0.0,0.0,0.0,0.0,0
2026-10-07T21:46:43.988,15919.0,gun_dection,-33,0,1971,107,10.9,1981,1965,2105,25.6,11.5,False,0.0,0.0,0.0,0.0,0
2026-10-07T21:46:44.040,15973.0,gun_dection,-33,0,1965,107,10.9,1965,2025,2153,102.3,76.8,False,0.0,0.0,0.0,0.0,0
2026-10-07T21:46:44.104,16038.0,gun_dection,-31,0,1973,107,10.9,1935,2041,2140,115.7,13.3,False,0.0,0.0,0.0,0.0,0
2026-10-07T21:46:44.159,16092.0,gun_dection,-31,0,1965,107,10.9,1926,2019,2139,104.1,11.5,False,0.0,0.0,0.0,0.0,0
2026-10-07T21:46:44.221,16156.0,gun_dection,-31,0,1967,107,10.9,1947,2015,2101,74.2,29.9,False,0.0,0.0,0.0,0.0,0
2026-10-07T21:46:44.279,16210.0,gun_dection,-31,0,1967,107,10.9,1975,2023,2079,70.3,3.9,False,0.0,0.0,0.0,0.0,0
2026-10-07T21:46:44.344,16275.0,gun_dection,-31,0,1970,107,10.9,1997,2011,2079,59.2,11.1,False,0.0,0.0,0.0,0.0,0
2026-10-07T21:46:44.399,16331.0,gun_dection,-31,0,1967,107,10.9,1981,2043,2091,89.9,30.7,False,0.0,0.0,0.0,0.0,0
2026-10-07T21:46:44.455,16386.0,gun_dection,-31,0,1967,107,10.9,2009,2029,2127,91.0,1.1,False,0.0,0.0,0.0,0.0,0
2026-10-07T21:46:44.533,16462.0,gun_dection,-31,0,1966,107,10.9,1993,2029,2085,75.9,15.1,False,0.0,0.0,0.0,0.0,0
2026-10-07T21:46:44.595,16528.0,gun_dection,-31,0,1971,107,10.9,1972,2011,2079,58.4,17.5,False,0.0,0.0,0.0,0.0,0
2026-10-07T21:46:44.647,16582.0,gun_dection,-31,0,1967,107,10.9,1951,2019,2101,75.0,16.6,False,0.0,0.0,0.0,0.0,0
2026-10-07T21:46:44.717,16646.0,gun_dection,-31,0,1974,107,10.9,1989,1991,2083,37.3,37.7,False,0.0,0.0,0.0,0.0,0
2026-10-07T21:46:44.765,16700.0,gun_dection,-31,0,1967,107,10.9,1983,2011,2083,56.8,19.5,False,0.0,0.0,0.0,0.0,0
2026-10-07T21:46:44.830,16765.0,gun_dection,-31,0,1966,107,10.9,1979,2003,2095,50.4,6.4,False,0.0,0.0,0.0,0.0,0
2026-10-07T21:46:44.886,16819.0,gun_dection,-31,0,1967,107,10.9,1971,2035,2119,89.3,38.9,False,0.0,0.0,0.0,0.0,0
2026-10-07T21:46:44.951,16883.0,gun_dection,-31,0,1971,107,10.9,2009,2035,2101,86.3,2.9,False,0.0,0.0,0.0,0.0,0
2026-10-07T21:46:45.006,16937.0,gun_dection,-31,0,1966,107,10.9,1976,2041,2129,98.2,11.8,False,0.0,0.0,0.0,0.0,0
2026-10-07T21:46:45.078,17012.0,gun_dection,-31,0,1974,107,10.9,1958,2013,2117,72.2,25.9,False,0.0,0.0,0.0,0.0,0
2026-10-07T21:46:45.141,17076.0,gun_dection,-31,0,1968,107,10.9,1930,2021,2107,88.4,16.2,False,0.0,0.0,0.0,0.0,0
2026-10-07T21:46:45.197,17130.0,gun_dection,-31,0,1970,107,10.9,1961,2007,2099,58.9,29.6,False,0.0,0.0,0.0,0.0,0
2026-10-07T21:46:45.260,17194.0,gun_dection,-36,0,1971,107,10.9,1939,1990,2111,63.0,4.2,False,0.0,0.0,0.0,0.0,0
2026-10-07T21:46:45.316,17249.0,gun_dection,-36,0,1968,107,10.9,1908,1981,2101,81.6,18.5,False,0.0,0.0,0.0,0.0,0
2026-10-07T21:46:45.370,17304.0,gun_dection,-36,0,1967,107,10.9,1951,1957,2079,32.4,49.2,False,0.0,0.0,0.0,0.0,0
2026-10-07T21:46:45.438,17369.0,gun_dection,-36,0,1966,107,10.9,1933,1959,2057,56.5,24.1,False,0.0,0.0,0.0,0.0,0
2026-10-07T21:46:45.494,17425.0,gun_dection,-36,0,1967,107,10.9,1933,1971,2099,54.8,1.7,False,0.0,0.0,0.0,0.0,0
2026-10-07T21:46:45.550,17480.0,gun_dection,-36,0,1966,107,10.9,1932,1973,2095,55.2,0.4,False,0.0,0.0,0.0,0.0,0
2026-10-07T21:46:45.622,17556.0,gun_dection,-36,0,1971,107,10.9,1937,1995,2117,69.5,14.3,False,0.0,0.0,0.0,0.0,0
2026-10-07T21:46:45.686,17620.0,gun_dection,-36,0,1968,107,10.9,1919,1965,2093,65.1,4.3,False,0.0,0.0,0.0,0.0,0
2026-10-07T21:46:45.740,17674.0,gun_dection,-36,0,1967,107,10.9,1939,1955,2077,43.9,21.2,False,0.0,0.0,0.0,0.0,0
2026-10-07T21:46:45.804,17739.0,gun_dection,-36,0,1967,107,10.9,1943,1950,2075,40.6,3.3,False,0.0,0.0,0.0,0.0,0
2026-10-07T21:46:45.858,17793.0,gun_dection,-36,0,1972,107,10.9,1963,1939,2075,26.6,14.0,False,0.0,0.0,0.0,0.0,0
2026-10-07T21:46:45.924,17857.0,gun_dection,-36,0,1965,107,10.9,1967,1939,2059,32.8,6.3,False,0.0,0.0,0.0,0.0,0
2026-10-07T21:46:45.977,17911.0,gun_dection,-36,0,1967,107,10.9,1951,1901,2087,62.8,30.0,False,0.0,0.0,0.0,0.0,0
2026-10-07T21:46:46.045,17975.0,gun_dection,-36,0,1968,107,10.9,1917,1885,2100,97.3,34.5,False,0.0,0.0,0.0,0.0,0
2026-10-07T21:46:46.096,18029.0,gun_dection,-36,0,1967,107,10.9,1915,1941,2124,80.0,17.3,False,0.0,0.0,0.0,0.0,0
2026-10-07T21:46:46.170,18104.0,gun_dection,-36,0,1967,107,10.9,1929,2014,2171,118.4,38.4,False,0.0,0.0,0.0,0.0,0
2026-10-07T21:46:46.237,18169.0,gun_dection,-36,0,1971,107,10.9,1967,2045,2131,102.9,15.4,False,0.0,0.0,0.0,0.0,0
2026-10-07T21:46:46.289,18223.0,gun_dection,-36,0,1967,107,10.9,1908,2103,2132,172.4,69.5,False,0.0,0.0,0.0,0.0,0
2026-10-07T21:46:46.369,18288.0,gun_dection,-36,0,1963,107,10.9,1938,2197,2119,248.4,76.0,False,0.0,0.0,0.0,0.0,0
2026-10-07T21:46:46.409,18343.0,gun_dection,-53,0,1971,107,10.9,1880,2085,2152,178.9,69.5,False,0.0,0.0,0.0,0.0,0
2026-10-07T21:46:46.476,18409.0,gun_dection,-53,0,1958,107,10.9,1977,2078,2087,123.0,56.0,False,0.0,0.0,0.0,0.0,0
2026-10-07T21:46:46.535,18464.0,gun_dection,-53,0,1967,107,10.9,1955,2054,2039,111.5,11.5,False,0.0,0.0,0.0,0.0,0
2026-10-07T21:46:46.597,18530.0,gun_dection,-53,0,1971,107,10.9,1964,2053,2069,100.5,11.1,False,0.0,0.0,0.0,0.0,0
2026-10-07T21:46:46.671,18605.0,gun_dection,-53,0,1970,107,10.9,1980,2013,2069,59.5,40.9,False,0.0,0.0,0.0,0.0,0
2026-10-07T21:46:46.725,18659.0,gun_dection,-53,0,1970,107,10.9,1989,2007,2107,57.4,2.1,False,0.0,0.0,0.0,0.0,0
2026-10-07T21:46:46.791,18723.0,gun_dection,-53,0,1973,107,10.9,1959,1961,2173,93.0,35.6,False,0.0,0.0,0.0,0.0,0
2026-10-07T21:46:46.845,18777.0,gun_dection,-53,0,1967,107,10.9,1977,1992,2131,60.5,32.5,False,0.0,0.0,0.0,0.0,0
2026-10-07T21:46:46.907,18842.0,gun_dection,-53,0,1972,107,10.9,1979,1979,2067,28.7,31.8,False,0.0,0.0,0.0,0.0,0
2026-10-07T21:46:46.961,18896.0,gun_dection,-53,0,1967,107,10.9,1892,1949,2173,127.4,98.7,False,0.0,0.0,0.0,0.0,0
2026-10-07T21:46:47.026,18960.0,gun_dection,-53,0,1967,101,11.2,1893,1995,2217,165.5,38.2,False,0.0,0.0,0.0,0.0,0
2026-10-07T21:46:47.079,19014.0,gun_dection,-53,0,1966,101,11.2,1940,2044,2117,103.7,61.9,False,0.0,0.0,0.0,0.0,0
2026-10-07T21:46:47.144,19079.0,gun_dection,-53,0,1967,101,11.2,1979,2060,2004,131.1,27.5,False,0.0,0.0,0.0,0.0,0
2026-10-07T21:46:47.652,19154.0,gun_dection,-53,0,1966,101,11.2,1955,2085,2057,134.8,3.7,False,0.0,0.0,0.0,0.0,0
2026-10-07T21:46:47.653,19208.0,gun_dection,-53,0,1966,101,11.2,1915,2110,2141,178.1,43.2,False,0.0,0.0,0.0,0.0,0
2026-10-07T21:46:47.653,19273.0,gun_dection,-53,0,1965,101,11.2,1979,2110,2116,158.0,20.1,False,0.0,0.0,0.0,0.0,0
2026-10-07T21:46:47.653,19328.0,gun_dection,-53,0,1965,101,11.2,1947,2159,2124,210.5,52.5,False,0.0,0.0,0.0,0.0,0
2026-10-07T21:46:47.653,19384.0,gun_dection,-53,0,1967,101,11.2,1960,2131,2156,191.3,19.2,False,0.0,0.0,0.0,0.0,0
2026-10-07T21:46:47.653,19449.0,gun_dection,-61,0,1967,101,11.2,1962,2087,2107,135.1,56.2,False,0.0,0.0,0.0,0.0,0
2026-10-07T21:46:47.654,19505.0,gun_dection,-61,0,1967,101,11.2,1965,2071,2059,119.2,15.9,False,0.0,0.0,0.0,0.0,0
2026-10-07T21:46:47.654,19570.0,gun_dection,-61,0,1965,101,11.2,1963,2041,2059,90.9,28.4,False,0.0,0.0,0.0,0.0,0
2026-10-07T21:46:47.691,19623.0,gun_dection,-61,0,1971,101,11.2,1959,2019,2059,71.7,19.1,False,0.0,0.0,0.0,0.0,0
2026-10-07T21:46:48.184,19698.0,gun_dection,-61,0,1965,101,11.2,1995,1955,2073,16.5,55.3,False,0.0,0.0,0.0,0.0,0
2026-10-07T21:46:48.185,19763.0,gun_dection,-61,0,1965,101,11.2,1989,1875,2157,109.6,93.1,False,0.0,0.0,0.0,0.0,0
2026-10-07T21:46:48.186,19817.0,gun_dection,-61,0,1967,101,11.2,1909,1992,2281,214.1,104.5,False,0.0,0.0,0.0,0.0,0
2026-10-07T21:46:48.187,19881.0,gun_dection,-62,0,1967,101,11.2,1935,2085,2215,190.7,23.4,False,0.0,0.0,0.0,0.0,0
2026-10-07T21:46:48.188,19935.0,gun_dection,-62,0,1966,101,11.2,1950,2093,2135,150.3,40.4,False,0.0,0.0,0.0,0.0,0
2026-10-07T21:46:48.188,19999.0,gun_dection,-62,0,1971,101,11.2,1961,2109,2069,155.4,5.1,False,0.0,0.0,0.0,0.0,0
2026-10-07T21:46:48.189,20053.0,gun_dection,-62,0,1971,101,11.2,2003,2095,2026,152.1,3.4,False,0.0,0.0,0.0,0.0,0
2026-10-07T21:46:48.189,20118.0,gun_dection,-62,0,1967,101,11.2,2023,2136,2069,185.5,33.4,False,0.0,0.0,0.0,0.0,0
2026-10-07T21:46:48.691,20172.0,gun_dection,-62,0,1967,101,11.2,2027,2099,2079,150.3,35.2,False,0.0,0.0,0.0,0.0,0
2026-10-07T21:46:48.692,20246.0,gun_dection,-62,0,1967,101,11.2,1951,2057,2119,111.9,38.4,False,0.0,0.0,0.0,0.0,0
2026-10-07T21:46:48.692,20312.0,gun_dection,-62,0,1967,101,11.2,1938,2079,2197,173.6,61.7,False,0.0,0.0,0.0,0.0,0
2026-10-07T21:46:48.692,20368.0,gun_dection,-62,0,1967,101,11.2,1836,2073,2189,215.2,41.6,False,0.0,0.0,0.0,0.0,0
2026-10-07T21:46:48.692,20423.0,gun_dection,-62,0,1968,101,11.2,1949,2079,2149,143.7,71.5,False,0.0,0.0,0.0,0.0,0
2026-10-07T21:46:48.693,20489.0,gun_dection,-62,0,1971,101,11.2,1965,2067,2091,112.9,30.8,False,0.0,0.0,0.0,0.0,0
2026-10-07T21:46:48.693,20544.0,gun_dection,-62,0,1967,101,11.2,2040,2072,2029,140.8,27.9,False,0.0,0.0,0.0,0.0,0
2026-10-07T21:46:48.693,20608.0,gun_dection,-62,0,1972,101,11.2,2057,2057,2013,144.2,3.4,False,0.0,0.0,0.0,0.0,0
2026-10-07T21:46:48.730,20662.0,gun_dection,-62,0,1975,101,11.2,2009,2031,2137,96.5,47.7,False,0.0,0.0,0.0,0.0,0
2026-10-07T21:46:49.140,20726.0,gun_dection,-62,0,1967,101,11.2,1973,2019,2147,90.5,6.1,False,0.0,0.0,0.0,0.0,0
2026-10-07T21:46:49.141,20801.0,gun_dection,-59,0,1971,101,11.2,1963,2020,2139,87.4,3.1,False,0.0,0.0,0.0,0.0,0
2026-10-07T21:46:49.142,20855.0,gun_dection,-59,0,2065,101,11.2,1815,2151,2191,278.6,191.3,False,0.0,0.0,0.0,0.0,0
2026-10-07T21:46:49.143,20919.0,gun_dection,-59,0,1967,101,11.2,1933,2041,2140,113.5,165.1,False,0.0,0.0,0.0,0.0,0
2026-10-07T21:46:49.144,20974.0,gun_dection,-59,0,1967,101,11.2,1945,2009,2150,93.1,20.5,False,0.0,0.0,0.0,0.0,0
2026-10-07T21:46:49.144,21038.0,gun_dection,-59,0,1965,101,11.2,1967,2023,2041,80.8,12.3,False,0.0,0.0,0.0,0.0,0
2026-10-07T21:46:49.158,21092.0,gun_dection,-59,0,1968,101,11.2,1997,2027,2005,106.7,25.9,False,0.0,0.0,0.0,0.0,0
2026-10-07T21:46:49.223,21156.0,gun_dection,-59,0,1967,101,11.2,1997,2040,2031,100.1,6.6,False,0.0,0.0,0.0,0.0,0
2026-10-07T21:46:49.282,21210.0,gun_dection,-59,0,1967,101,11.2,1983,1998,2041,59.6,40.5,False,0.0,0.0,0.0,0.0,0
2026-10-07T21:46:49.351,21275.0,gun_dection,-59,0,1967,101,11.2,1963,1971,2139,61.0,1.4,False,0.0,0.0,0.0,0.0,0
2026-10-07T21:46:49.420,21352.0,gun_dection,-59,0,1967,101,11.2,1961,2041,2196,142.8,81.8,False,0.0,0.0,0.0,0.0,0
2026-10-07T21:46:49.474,21408.0,gun_dection,-59,0,1967,101,11.2,1916,2044,2221,176.3,33.5,False,0.0,0.0,0.0,0.0,0
2026-10-07T21:46:49.531,21463.0,gun_dection,-59,0,1961,101,11.2,1903,2100,2204,203.9,27.6,False,0.0,0.0,0.0,0.0,0
2026-10-07T21:46:49.594,21529.0,gun_dection,-59,0,1968,101,11.2,2024,2091,2039,148.1,55.8,False,0.0,0.0,0.0,0.0,0
2026-10-07T21:46:49.648,21583.0,gun_dection,-59,0,1971,101,11.2,2029,2073,2007,147.3,0.8,False,0.0,0.0,0.0,0.0,0
2026-10-07T21:46:49.714,21648.0,gun_dection,-59,0,1965,101,11.2,2042,2046,2053,112.3,35.0,False,0.0,0.0,0.0,0.0,0
2026-10-07T21:46:49.768,21702.0,gun_dection,-59,0,1967,101,11.2,2019,2023,2136,93.0,19.3,False,0.0,0.0,0.0,0.0,0
2026-10-07T21:46:49.833,21766.0,gun_dection,-59,0,1970,101,11.2,2056,2054,2121,128.5,35.5,False,0.0,0.0,0.0,0.0,0
2026-10-07T21:46:49.888,21820.0,gun_dection,-59,0,1967,101,11.2,2007,1991,2104,47.8,80.7,False,0.0,0.0,0.0,0.0,0
2026-10-07T21:46:49.964,21895.0,gun_dection,-58,0,1965,101,11.2,1884,2075,2252,228.6,180.7,False,0.0,0.0,0.0,0.0,0
2026-10-07T21:46:50.027,21959.0,gun_dection,-58,0,1973,101,11.2,1916,2085,2119,149.2,79.4,False,0.0,0.0,0.0,0.0,0
2026-10-07T21:46:50.080,22013.0,gun_dection,-58,0,1967,101,11.2,1989,2083,2099,128.1,21.1,False,0.0,0.0,0.0,0.0,0
2026-10-07T21:46:50.143,22078.0,gun_dection,-58,0,1968,101,11.2,2018,2095,1967,184.6,56.6,False,0.0,0.0,0.0,0.0,0
2026-10-07T21:46:50.199,22132.0,gun_dection,-58,0,1938,101,11.2,2101,2077,1967,205.6,21.0,False,0.0,0.0,0.0,0.0,0
2026-10-07T21:46:50.263,22196.0,gun_dection,-58,0,1971,101,11.2,2036,2137,2169,207.4,1.8,False,0.0,0.0,0.0,0.0,0
2026-10-07T21:46:50.319,22251.0,gun_dection,-58,0,2009,101,11.2,2042,2151,2156,216.6,9.2,False,0.0,0.0,0.0,0.0,0
2026-10-07T21:46:50.376,22306.0,gun_dection,-58,0,1966,101,11.2,2025,2181,2127,233.1,16.6,False,0.0,0.0,0.0,0.0,0
2026-10-07T21:46:50.441,22372.0,gun_dection,-58,0,1972,101,11.2,2011,2121,2095,167.9,65.3,False,0.0,0.0,0.0,0.0,0
2026-10-07T21:46:50.520,22448.0,gun_dection,-58,0,1968,101,11.2,1955,2127,2125,178.0,10.1,False,0.0,0.0,0.0,0.0,0
2026-10-07T21:46:50.576,22504.0,gun_dection,-58,0,1967,101,11.2,2009,2107,2099,154.1,23.9,False,0.0,0.0,0.0,0.0,0
2026-10-07T21:46:50.637,22569.0,gun_dection,-58,0,1967,101,11.2,1997,2059,2040,112.6,41.5,False,0.0,0.0,0.0,0.0,0
2026-10-07T21:46:50.688,22623.0,gun_dection,-58,0,1967,101,11.2,2021,2057,2066,109.6,3.1,False,0.0,0.0,0.0,0.0,0
2026-10-07T21:46:50.753,22687.0,gun_dection,-58,0,1968,101,11.2,2035,2070,2089,125.8,16.2,False,0.0,0.0,0.0,0.0,0
2026-10-07T21:46:50.806,22741.0,gun_dection,-58,0,1967,101,11.2,2059,2053,2110,126.7,0.9,False,0.0,0.0,0.0,0.0,0
2026-10-07T21:46:50.873,22805.0,gun_dection,-58,0,1966,101,11.2,2006,2043,2155,115.3,11.4,False,0.0,0.0,0.0,0.0,0
2026-10-07T21:46:50.925,22859.0,gun_dection,-58,0,1967,101,11.2,1991,2059,2197,153.7,38.4,False,0.0,0.0,0.0,0.0,0
2026-10-07T21:46:50.989,22924.0,gun_dection,-58,0,1978,101,11.2,1983,2117,2205,201.8,48.1,False,0.0,0.0,0.0,0.0,0
2026-10-07T21:46:51.066,22999.0,gun_dection,-58,0,1972,101,11.2,1993,2085,2065,130.7,71.2,False,0.0,0.0,0.0,0.0,0
2026-10-07T21:46:51.131,23054.0,gun_dection,-57,0,1967,101,11.2,2005,2057,2068,104.6,26.0,False,0.0,0.0,0.0,0.0,0
2026-10-07T21:46:51.184,23118.0,gun_dection,-57,0,1972,101,11.2,2010,2053,2035,111.8,7.2,False,0.0,0.0,0.0,0.0,0
2026-10-07T21:46:51.241,23172.0,gun_dection,-57,0,1973,101,11.2,1989,2076,2077,120.3,8.5,False,0.0,0.0,0.0,0.0,0
2026-10-07T21:46:51.303,23236.0,gun_dection,-57,0,1971,101,11.2,1981,2117,2077,161.0,40.8,False,0.0,0.0,0.0,0.0,0
2026-10-07T21:46:51.358,23292.0,gun_dection,-57,0,1968,101,11.2,1982,2102,2119,150.2,10.8,False,0.0,0.0,0.0,0.0,0
2026-10-07T21:46:51.413,23347.0,gun_dection,-57,0,1971,101,11.2,2028,2110,2183,189.1,38.9,False,0.0,0.0,0.0,0.0,0
2026-10-07T21:46:51.481,23413.0,gun_dection,-57,0,1960,101,11.2,1915,2130,2208,224.3,35.2,False,0.0,0.0,0.0,0.0,0
2026-10-07T21:46:51.535,23468.0,gun_dection,-57,0,1972,101,11.2,2011,2137,2134,190.1,34.2,False,0.0,0.0,0.0,0.0,0
2026-10-07T21:46:51.611,23545.0,gun_dection,-57,0,1960,101,11.2,2041,2119,1977,203.2,13.1,False,0.0,0.0,0.0,0.0,0
2026-10-07T21:46:51.676,23609.0,gun_dection,-57,0,1971,101,11.2,2021,2054,2036,115.5,87.7,False,0.0,0.0,0.0,0.0,0
2026-10-07T21:46:51.729,23663.0,gun_dection,-57,0,1967,101,11.2,1997,2009,2123,67.9,47.6,False,0.0,0.0,0.0,0.0,0
2026-10-07T21:46:51.794,23728.0,gun_dection,-57,0,1970,101,11.2,2012,1939,2099,38.0,29.9,False,0.0,0.0,0.0,0.0,0
2026-10-07T21:46:51.847,23782.0,gun_dection,-57,0,1941,101,11.2,2015,2005,2139,81.1,43.1,False,0.0,0.0,0.0,0.0,0
2026-10-07T21:46:51.911,23846.0,gun_dection,-57,0,1963,127,12.9,1973,2059,2247,193.4,112.3,False,0.0,0.0,0.0,0.0,0
2026-10-07T21:46:51.968,23900.0,gun_dection,-57,0,1972,127,12.9,1951,2121,2196,202.0,8.6,False,0.0,0.0,0.0,0.0,0
2026-10-07T21:46:52.030,23964.0,gun_dection,-72,0,1972,127,12.9,1977,2059,2070,103.7,98.2,False,0.0,0.0,0.0,0.0,0
2026-10-07T21:46:52.090,24018.0,gun_dection,-72,0,1971,127,12.9,2014,2068,2006,139.6,35.9,False,0.0,0.0,0.0,0.0,0
2026-10-07T21:46:52.163,24094.0,gun_dection,-72,0,1972,127,12.9,2020,2045,2042,105.0,34.6,False,0.0,0.0,0.0,0.0,0
2026-10-07T21:46:52.225,24158.0,gun_dection,-72,0,1975,127,12.9,2004,2069,2099,115.9,10.9,False,0.0,0.0,0.0,0.0,0
2026-10-07T21:46:52.285,24212.0,gun_dection,-72,0,1966,127,12.9,1991,2085,2148,144.3,28.4,False,0.0,0.0,0.0,0.0,0
2026-10-07T21:46:52.344,24277.0,gun_dection,-62,0,1967,127,12.9,1994,2091,2124,141.2,3.1,False,0.0,0.0,0.0,0.0,0
2026-10-07T21:46:52.403,24333.0,gun_dection,-62,0,1968,127,12.9,1919,2063,2189,162.9,21.7,False,0.0,0.0,0.0,0.0,0
2026-10-07T21:46:52.455,24388.0,gun_dection,-62,0,1965,127,12.9,1933,2117,2162,185.6,22.7,False,0.0,0.0,0.0,0.0,0
2026-10-07T21:46:52.527,24453.0,gun_dection,-62,0,1965,127,12.9,1989,2087,2147,145.6,40.0,False,0.0,0.0,0.0,0.0,0
2026-10-07T21:46:52.578,24509.0,gun_dection,-62,0,1966,127,12.9,2011,2067,2037,123.5,22.1,False,0.0,0.0,0.0,0.0,0
2026-10-07T21:46:52.641,24574.0,gun_dection,-62,0,1971,127,12.9,2035,2053,2063,112.1,11.4,False,0.0,0.0,0.0,0.0,0
2026-10-07T21:46:52.715,24649.0,gun_dection,-62,0,1973,127,12.9,2018,2023,2042,86.3,25.8,False,0.0,0.0,0.0,0.0,0
2026-10-07T21:46:52.774,24703.0,gun_dection,-62,0,1971,127,12.9,1999,2011,2124,70.1,16.2,False,0.0,0.0,0.0,0.0,0
2026-10-07T21:46:52.834,24767.0,gun_dection,-62,0,1965,127,12.9,1991,2028,2123,82.2,12.1,False,0.0,0.0,0.0,0.0,0
2026-10-07T21:46:52.887,24821.0,gun_dection,-62,0,1967,127,12.9,1932,2085,2300,256.7,174.5,False,0.0,0.0,0.0,0.0,0
2026-10-07T21:46:52.956,24885.0,gun_dection,-62,0,1971,127,12.9,1960,2121,2155,180.6,76.1,False,0.0,0.0,0.0,0.0,0
2026-10-07T21:46:53.006,24939.0,gun_dection,-62,0,1971,127,12.9,1946,2075,2106,125.8,54.8,False,0.0,0.0,0.0,0.0,0
2026-10-07T21:46:53.069,25003.0,gun_dection,-62,0,1971,127,12.9,1945,2095,2123,148.6,22.8,False,0.0,0.0,0.0,0.0,0
2026-10-07T21:46:53.125,25057.0,gun_dection,-62,0,1966,127,12.9,1967,2101,2073,145.5,3.1,False,0.0,0.0,0.0,0.0,0
2026-10-07T21:46:53.196,25122.0,gun_dection,-62,0,1974,127,12.9,1989,2107,2056,153.0,7.5,False,0.0,0.0,0.0,0.0,0
2026-10-07T21:46:53.265,25197.0,gun_dection,-62,0,1966,127,12.9,1987,2099,2111,145.1,7.9,False,0.0,0.0,0.0,0.0,0
2026-10-07T21:46:53.325,25251.0,gun_dection,-62,0,1963,127,12.9,1994,2083,2121,132.3,12.7,False,0.0,0.0,0.0,0.0,0
2026-10-07T21:46:53.405,25317.0,gun_dection,-62,0,1967,127,12.9,1997,2079,2122,129.1,3.2,False,0.0,0.0,0.0,0.0,0
2026-10-07T21:46:53.439,25372.0,gun_dection,-65,0,1971,127,12.9,2007,2079,2124,131.2,2.1,False,0.0,0.0,0.0,0.0,0
2026-10-07T21:46:53.502,25427.0,gun_dection,-65,0,1967,127,12.9,2019,2072,2063,122.8,8.5,False,0.0,0.0,0.0,0.0,0
2026-10-07T21:46:53.566,25493.0,gun_dection,-65,0,1967,127,12.9,2005,2092,2118,141.5,18.7,False,0.0,0.0,0.0,0.0,0
2026-10-07T21:46:53.613,25548.0,gun_dection,-65,0,1966,127,12.9,2008,2117,2109,164.4,22.9,False,0.0,0.0,0.0,0.0,0
2026-10-07T21:46:53.678,25612.0,gun_dection,-65,0,1967,127,12.9,2005,2111,2082,156.0,8.4,False,0.0,0.0,0.0,0.0,0
2026-10-07T21:46:53.734,25666.0,gun_dection,-65,0,1967,127,12.9,2004,2099,2096,144.6,11.5,False,0.0,0.0,0.0,0.0,0
2026-10-07T21:46:53.808,25741.0,gun_dection,-65,0,1966,127,12.9,2009,2093,2107,140.9,3.6,False,0.0,0.0,0.0,0.0,0
2026-10-07T21:46:53.878,25806.0,gun_dection,-65,0,1967,127,12.9,2003,2100,2123,150.1,9.2,False,0.0,0.0,0.0,0.0,0
2026-10-07T21:46:53.935,25860.0,gun_dection,-65,0,1965,127,12.9,2010,2109,2107,156.6,6.5,False,0.0,0.0,0.0,0.0,0
2026-10-07T21:46:53.990,25924.0,gun_dection,-65,0,1968,127,12.9,2005,2103,2139,158.2,1.5,False,0.0,0.0,0.0,0.0,0
2026-10-07T21:46:54.049,25978.0,gun_dection,-65,0,1964,127,12.9,1995,2073,2163,141.5,16.7,False,0.0,0.0,0.0,0.0,0
2026-10-07T21:46:54.107,26042.0,gun_dection,-65,0,1971,127,12.9,2008,2063,2105,111.5,30.0,False,0.0,0.0,0.0,0.0,0
2026-10-07T21:46:54.163,26096.0,gun_dection,-65,0,1967,127,12.9,1992,2077,2086,120.8,9.3,False,0.0,0.0,0.0,0.0,0
2026-10-07T21:46:54.226,26160.0,gun_dection,-65,0,1967,127,12.9,1996,2084,2107,130.2,9.5,False,0.0,0.0,0.0,0.0,0
2026-10-07T21:46:54.281,26214.0,gun_dection,-65,0,1967,127,12.9,1997,2089,2105,134.9,4.7,False,0.0,0.0,0.0,0.0,0
2026-10-07T21:46:54.360,26290.0,gun_dection,-65,0,1971,127,12.9,1999,2079,2101,124.7,10.2,False,0.0,0.0,0.0,0.0,0
2026-10-07T21:46:54.413,26346.0,gun_dection,-65,0,1967,127,12.9,1981,2069,2105,114.4,10.3,False,0.0,0.0,0.0,0.0,0
2026-10-07T21:46:54.486,26411.0,gun_dection,-65,0,1971,127,12.9,2007,2067,2109,115.9,1.5,False,0.0,0.0,0.0,0.0,0
2026-10-07T21:46:54.534,26467.0,gun_dection,-65,0,1967,127,12.9,1998,2070,2149,131.9,15.9,False,0.0,0.0,0.0,0.0,0
2026-10-07T21:46:54.590,26522.0,gun_dection,-64,0,1967,127,12.9,2022,2065,2105,117.4,14.5,False,0.0,0.0,0.0,0.0,0
2026-10-07T21:46:54.654,26587.0,gun_dection,-64,0,1967,127,12.9,2015,2057,2059,108.4,9.0,False,0.0,0.0,0.0,0.0,0
2026-10-07T21:46:54.709,26641.0,gun_dection,-64,0,1970,127,12.9,2023,2058,2139,122.5,14.2,False,0.0,0.0,0.0,0.0,0
2026-10-07T21:46:54.771,26705.0,gun_dection,-64,0,1971,127,12.9,2013,2054,2140,116.7,5.8,False,0.0,0.0,0.0,0.0,0
2026-10-07T21:46:54.826,26759.0,gun_dection,-64,0,1967,127,12.9,2059,2045,2089,117.2,0.5,False,0.0,0.0,0.0,0.0,0
2026-10-07T21:46:54.902,26834.0,gun_dection,-64,0,1972,127,12.9,2025,2069,2135,130.8,13.6,False,0.0,0.0,0.0,0.0,0
2026-10-07T21:46:54.964,26898.0,gun_dection,-64,0,1967,127,12.9,2021,2079,2105,130.1,0.7,False,0.0,0.0,0.0,0.0,0
2026-10-07T21:46:55.020,26952.0,gun_dection,-64,0,1967,127,12.9,2008,2087,2107,134.9,4.8,False,0.0,0.0,0.0,0.0,0
2026-10-07T21:46:55.082,27017.0,gun_dection,-64,0,1967,127,12.9,2023,2089,2080,138.5,3.6,False,0.0,0.0,0.0,0.0,0
2026-10-07T21:46:55.142,27071.0,gun_dection,-64,0,1971,127,12.9,2025,2087,2123,142.8,4.2,False,0.0,0.0,0.0,0.0,0
2026-10-07T21:46:55.204,27135.0,gun_dection,-64,0,1967,127,12.9,2039,2092,2091,147.0,4.2,False,0.0,0.0,0.0,0.0,0
2026-10-07T21:46:55.256,27189.0,gun_dection,-64,0,1973,127,12.9,2035,2085,2093,139.1,7.9,False,0.0,0.0,0.0,0.0,0
2026-10-07T21:46:55.326,27254.0,gun_dection,-64,0,1959,127,12.9,2005,2103,2131,155.6,16.5,False,0.0,0.0,0.0,0.0,0
2026-10-07T21:46:55.376,27309.0,gun_dection,-64,0,1971,127,12.9,2022,2103,2107,153.5,2.1,False,0.0,0.0,0.0,0.0,0
2026-10-07T21:46:55.453,27385.0,gun_dection,-64,0,1967,127,12.9,2019,2117,2103,165.7,12.2,False,0.0,0.0,0.0,0.0,0
2026-10-07T21:46:55.512,27441.0,gun_dection,-64,0,1967,127,12.9,2025,2124,2101,173.6,7.9,False,0.0,0.0,0.0,0.0,0
2026-10-07T21:46:55.577,27506.0,gun_dection,-64,0,1967,127,12.9,2035,2107,2096,159.8,13.8,False,0.0,0.0,0.0,0.0,0
2026-10-07T21:46:55.628,27561.0,gun_dection,-64,0,1971,127,12.9,2027,2109,2111,161.2,1.3,False,0.0,0.0,0.0,0.0,0
2026-10-07T21:46:55.691,27625.0,gun_dection,-68,0,1967,127,12.9,2027,2095,2099,146.2,14.9,False,0.0,0.0,0.0,0.0,0
2026-10-07T21:46:55.747,27679.0,gun_dection,-68,0,1975,127,12.9,2020,2075,2121,129.8,16.5,False,0.0,0.0,0.0,0.0,0
2026-10-07T21:46:55.810,27744.0,gun_dection,-68,0,1968,127,12.9,2031,2092,2100,144.8,15.0,False,0.0,0.0,0.0,0.0,0
2026-10-07T21:46:55.867,27798.0,gun_dection,-68,0,1963,127,12.9,2040,2111,2099,165.5,20.7,False,0.0,0.0,0.0,0.0,0
2026-10-07T21:46:55.928,27862.0,gun_dection,-68,0,1967,127,12.9,2015,2085,2111,135.3,30.2,False,0.0,0.0,0.0,0.0,0
2026-10-07T21:46:56.003,27937.0,gun_dection,-68,0,1966,127,12.9,2015,2078,2101,126.9,8.4,False,0.0,0.0,0.0,0.0,0
2026-10-07T21:46:56.058,27991.0,gun_dection,-68,0,1971,127,12.9,2025,2072,2115,127.0,0.1,False,0.0,0.0,0.0,0.0,0
2026-10-07T21:46:56.125,28055.0,gun_dection,-66,0,1965,127,12.9,2001,2079,2099,124.8,2.2,False,0.0,0.0,0.0,0.0,0
2026-10-07T21:46:56.177,28109.0,gun_dection,-66,0,1967,127,12.9,2011,2070,2143,131.2,6.5,False,0.0,0.0,0.0,0.0,0
2026-10-07T21:46:56.239,28173.0,gun_dection,-66,0,1967,127,12.9,2019,2091,2118,143.5,12.3,False,0.0,0.0,0.0,0.0,0
2026-10-07T21:46:56.295,28227.0,gun_dection,-66,0,1971,127,12.9,2013,2131,2100,177.8,34.3,False,0.0,0.0,0.0,0.0,0
2026-10-07T21:46:56.363,28293.0,gun_dection,-66,0,1967,127,12.9,2009,2083,2108,131.5,46.4,False,0.0,0.0,0.0,0.0,0
2026-10-07T21:46:56.416,28348.0,gun_dection,-66,0,1967,127,12.9,2043,2088,2095,145.2,13.7,False,0.0,0.0,0.0,0.0,0
2026-10-07T21:46:56.484,28414.0,gun_dection,-66,0,1968,127,12.9,2004,2063,2107,111.1,34.1,False,0.0,0.0,0.0,0.0,0
2026-10-07T21:46:56.560,28490.0,gun_dection,-66,0,1972,127,12.9,2005,2045,2103,93.3,17.8,False,0.0,0.0,0.0,0.0,0
2026-10-07T21:46:56.613,28545.0,gun_dection,-66,0,1967,127,12.9,1999,2057,2127,110.7,17.4,False,0.0,0.0,0.0,0.0,0
2026-10-07T21:46:56.675,28610.0,gun_dection,-66,0,1967,127,12.9,2020,2055,2071,106.1,4.6,False,0.0,0.0,0.0,0.0,0
2026-10-07T21:46:56.732,28664.0,gun_dection,-66,0,1965,127,12.9,2005,2017,2101,66.8,39.2,False,0.0,0.0,0.0,0.0,0
2026-10-07T21:46:56.798,28728.0,gun_dection,-66,0,1966,16,2.9,2003,2057,2133,113.7,46.8,False,0.0,0.0,0.0,0.0,0
2026-10-07T21:46:56.848,28782.0,gun_dection,-65,0,1967,16,2.9,2010,2041,2093,89.2,24.5,False,0.0,0.0,0.0,0.0,0
2026-10-07T21:46:56.912,28846.0,gun_dection,-65,0,1971,16,2.9,1999,2055,2131,110.2,21.0,False,0.0,0.0,0.0,0.0,0
2026-10-07T21:46:56.968,28900.0,gun_dection,-65,0,1966,16,2.9,2036,2063,2119,124.0,13.8,False,0.0,0.0,0.0,0.0,0
2026-10-07T21:46:57.034,28964.0,gun_dection,-65,0,1970,16,2.9,2009,2071,2120,122.7,1.4,False,0.0,0.0,0.0,0.0,0
2026-10-07T21:46:57.108,29039.0,gun_dection,-65,0,1967,16,2.9,2013,2069,2093,116.6,6.1,False,0.0,0.0,0.0,0.0,0
2026-10-07T21:46:57.162,29094.0,gun_dection,-65,0,1970,16,2.9,2023,2067,2091,117.6,1.0,False,0.0,0.0,0.0,0.0,0
2026-10-07T21:46:57.240,29158.0,gun_dection,-65,0,1967,16,2.9,2004,2057,2119,108.4,9.2,False,0.0,0.0,0.0,0.0,0
2026-10-07T21:46:57.278,29212.0,gun_dection,-65,0,1971,16,2.9,2008,2073,2123,125.2,16.9,False,0.0,0.0,0.0,0.0,0
2026-10-07T21:46:57.336,29266.0,gun_dection,-65,0,1967,16,2.9,2023,2060,2093,111.2,14.1,False,0.0,0.0,0.0,0.0,0
2026-10-07T21:46:57.400,29332.0,gun_dection,-65,0,1967,16,2.9,2005,2083,2103,129.6,18.4,False,0.0,0.0,0.0,0.0,0
2026-10-07T21:46:57.458,29387.0,gun_dection,-65,0,1974,16,2.9,1979,2035,2151,103.2,26.3,False,0.0,0.0,0.0,0.0,0
2026-10-07T21:46:57.511,29443.0,gun_dection,-65,0,1971,16,2.9,1977,2076,2149,136.0,32.7,False,0.0,0.0,0.0,0.0,0
2026-10-07T21:46:57.576,29508.0,gun_dection,-65,0,1968,16,2.9,1995,2043,2073,87.6,48.4,False,0.0,0.0,0.0,0.0,0
2026-10-07T21:46:57.652,29584.0,gun_dection,-65,0,1963,16,2.9,2005,2039,2085,85.0,2.7,False,0.0,0.0,0.0,0.0,0
2026-10-07T21:46:57.705,29638.0,gun_dection,-65,0,1967,16,2.9,2015,2023,2117,80.6,4.3,False,0.0,0.0,0.0,0.0,0
2026-10-07T21:46:57.771,29702.0,gun_dection,-65,0,1967,16,2.9,1997,2059,2131,113.1,32.4,False,0.0,0.0,0.0,0.0,0
2026-10-07T21:46:57.826,29756.0,gun_dection,-65,0,1967,16,2.9,1990,2099,2152,157.4,44.4,False,0.0,0.0,0.0,0.0,0
2026-10-07T21:46:57.888,29820.0,gun_dection,-65,0,1967,16,2.9,2007,2069,2123,120.9,36.6,False,0.0,0.0,0.0,0.0,0
2026-10-07T21:46:57.941,29874.0,gun_dection,-64,0,1972,16,2.9,1977,2039,2100,83.4,37.5,False,0.0,0.0,0.0,0.0,0
2026-10-07T21:46:58.009,29938.0,gun_dection,-64,0,1967,16,2.9,1947,2037,2120,94.3,10.9,False,0.0,0.0,0.0,0.0,0
2026-10-07T21:46:58.060,29993.0,gun_dection,-64,0,1965,16,2.9,1978,2055,2099,98.7,4.4,False,0.0,0.0,0.0,0.0,0
2026-10-07T21:46:58.123,30057.0,gun_dection,-64,0,1971,16,2.9,1972,2073,2105,117.9,19.1,False,0.0,0.0,0.0,0.0,0
2026-10-07T21:46:58.204,30132.0,gun_dection,-64,0,1971,16,2.9,1981,2055,2131,108.4,9.5,False,0.0,0.0,0.0,0.0,0
2026-10-07T21:46:58.253,30186.0,gun_dection,-64,0,1972,16,2.9,1989,2044,2109,90.3,18.0,False,0.0,0.0,0.0,0.0,0
2026-10-07T21:46:58.318,30250.0,gun_dection,-64,0,1964,16,2.9,1995,1993,2109,45.4,45.0,False,0.0,0.0,0.0,0.0,0
2026-10-07T21:46:58.377,30306.0,gun_dection,-64,0,1967,16,2.9,2019,2037,2120,94.6,49.3,False,0.0,0.0,0.0,0.0,0
2026-10-07T21:46:58.436,30361.0,gun_dection,-64,0,1971,16,2.9,2027,2053,2106,107.6,13.0,False,0.0,0.0,0.0,0.0,0
2026-10-07T21:46:58.517,30426.0,gun_dection,-64,0,1967,16,2.9,2044,2040,2037,112.9,5.3,False,0.0,0.0,0.0,0.0,0
2026-10-07T21:46:58.549,30482.0,gun_dection,-64,0,1967,16,2.9,2076,2035,2111,124.4,11.5,False,0.0,0.0,0.0,0.0,0
2026-10-07T21:46:58.606,30536.0,gun_dection,-64,0,1973,16,2.9,2077,2039,2124,131.1,6.7,False,0.0,0.0,0.0,0.0,0
2026-10-07T21:46:58.667,30601.0,gun_dection,-64,0,1966,16,2.9,2057,2041,2287,232.0,101.0,False,0.0,0.0,0.0,0.0,0
2026-10-07T21:46:58.750,30676.0,gun_dection,-64,0,1968,16,2.9,2158,2218,2167,324.9,92.8,False,0.0,0.0,0.0,0.0,0
2026-10-07T21:46:58.798,30730.0,gun_dection,-64,0,1967,16,2.9,1947,2123,2119,172.8,152.1,False,0.0,0.0,0.0,0.0,0
2026-10-07T21:46:58.860,30795.0,gun_dection,-64,0,1967,16,2.9,2075,2110,2074,178.5,5.7,False,0.0,0.0,0.0,0.0,0
2026-10-07T21:46:58.914,30849.0,gun_dection,-64,0,1967,16,2.9,2013,2091,2145,149.9,28.6,False,0.0,0.0,0.0,0.0,0
2026-10-07T21:46:58.980,30913.0,gun_dection,-64,0,1967,16,2.9,2055,2108,2043,171.8,21.9,False,0.0,0.0,0.0,0.0,0
2026-10-07T21:46:59.033,30967.0,gun_dection,-64,0,1968,16,2.9,2057,2079,2063,143.9,27.9,False,0.0,0.0,0.0,0.0,0
2026-10-07T21:46:59.097,31031.0,gun_dection,-68,0,1967,16,2.9,2067,2056,2092,129.9,14.0,False,0.0,0.0,0.0,0.0,0
2026-10-07T21:46:59.166,31085.0,gun_dection,-68,0,1902,16,2.9,2021,2072,2091,120.9,9.0,False,0.0,0.0,0.0,0.0,0
2026-10-07T21:46:59.215,31150.0,gun_dection,-68,0,1967,16,2.9,2055,2030,2079,102.5,18.4,False,0.0,0.0,0.0,0.0,0
2026-10-07T21:46:59.299,31225.0,gun_dection,-68,0,1967,16,2.9,1937,2053,2191,150.6,48.1,False,0.0,0.0,0.0,0.0,0
2026-10-07T21:46:59.347,31280.0,gun_dection,-68,0,1967,16,2.9,1979,2059,2125,109.5,41.1,False,0.0,0.0,0.0,0.0,0
2026-10-07T21:46:59.408,31335.0,gun_dection,-68,0,1966,16,2.9,2013,2037,2057,89.1,20.4,False,0.0,0.0,0.0,0.0,0
2026-10-07T21:46:59.472,31401.0,gun_dection,-68,0,1965,16,2.9,2021,2021,2104,76.7,12.4,False,0.0,0.0,0.0,0.0,0
2026-10-07T21:46:59.525,31456.0,gun_dection,-68,0,1967,16,2.9,1946,2031,2086,81.8,5.1,False,0.0,0.0,0.0,0.0,0
2026-10-07T21:46:59.578,31512.0,gun_dection,-68,0,1971,16,2.9,1938,2087,2141,148.0,66.2,False,0.0,0.0,0.0,0.0,0
2026-10-07T21:46:59.645,31576.0,gun_dection,-68,0,1967,16,2.9,1910,2141,2149,207.4,59.4,False,0.0,0.0,0.0,0.0,0
2026-10-07T21:46:59.695,31630.0,gun_dection,-68,0,1968,16,2.9,1944,2147,2135,199.6,7.8,False,0.0,0.0,0.0,0.0,0
2026-10-07T21:46:59.761,31694.0,gun_dection,-68,0,1968,16,2.9,1928,2166,2106,216.1,16.6,False,0.0,0.0,0.0,0.0,0
2026-10-07T21:46:59.838,31770.0,gun_dection,-68,0,1967,16,2.9,2013,2135,2137,187.3,28.8,False,0.0,0.0,0.0,0.0,0
2026-10-07T21:46:59.890,31824.0,gun_dection,-68,0,1965,16,2.9,2058,2117,2075,176.1,11.2,False,0.0,0.0,0.0,0.0,0
2026-10-07T21:46:59.956,31888.0,gun_dection,-68,0,1967,16,2.9,1971,2079,2056,124.6,51.5,False,0.0,0.0,0.0,0.0,0
2026-10-07T21:47:00.008,31942.0,gun_dection,-68,0,1967,16,2.9,1931,2031,2103,91.4,33.2,False,0.0,0.0,0.0,0.0,0
2026-10-07T21:47:00.073,32007.0,gun_dection,-68,0,1965,16,2.9,1983,2013,2077,55.3,36.1,False,0.0,0.0,0.0,0.0,0
2026-10-07T21:47:00.126,32060.0,gun_dection,-68,0,1967,16,2.9,2013,1958,2109,39.6,15.7,False,0.0,0.0,0.0,0.0,0
2026-10-07T21:47:00.190,32125.0,gun_dection,-73,0,1965,16,2.9,1981,1977,2201,118.8,79.2,False,0.0,0.0,0.0,0.0,0
2026-10-07T21:47:00.245,32179.0,gun_dection,-73,0,1971,16,2.9,1929,2057,2332,272.6,153.8,False,0.0,0.0,0.0,0.0,0
2026-10-07T21:47:00.310,32243.0,gun_dection,-73,0,1972,16,2.9,1919,2121,2237,232.5,40.1,False,0.0,0.0,0.0,0.0,0
2026-10-07T21:47:00.411,32320.0,gun_dection,-73,0,1967,16,2.9,1941,2125,2105,173.3,59.3,False,0.0,0.0,0.0,0.0,0
2026-10-07T21:47:00.459,32375.0,gun_dection,-73,0,1968,16,2.9,1976,2147,2013,201.7,28.5,False,0.0,0.0,0.0,0.0,0
2026-10-07T21:47:00.518,32430.0,gun_dection,-73,0,1972,16,2.9,2011,2130,2019,185.8,16.0,False,0.0,0.0,0.0,0.0,0
2026-10-07T21:47:00.564,32496.0,gun_dection,-73,0,1967,16,2.9,1997,2103,1974,182.2,3.5,False,0.0,0.0,0.0,0.0,0
2026-10-07T21:47:00.621,32551.0,gun_dection,-73,0,1968,16,2.9,1989,2091,2037,140.9,41.3,False,0.0,0.0,0.0,0.0,0
2026-10-07T21:47:00.683,32615.0,gun_dection,-73,0,1971,16,2.9,1961,2105,2119,152.6,11.6,False,0.0,0.0,0.0,0.0,0
2026-10-07T21:47:00.793,32669.0,gun_dection,-73,0,1971,16,2.9,1869,2110,2205,225.1,72.6,False,0.0,0.0,0.0,0.0,0
2026-10-07T21:47:00.849,32734.0,gun_dection,-73,0,1968,16,2.9,1899,2101,2223,216.3,8.8,False,0.0,0.0,0.0,0.0,0
2026-10-07T21:47:00.865,32788.0,gun_dection,-73,0,1971,16,2.9,1881,2076,2208,199.2,17.2,False,0.0,0.0,0.0,0.0,0
2026-10-07T21:47:00.938,32863.0,gun_dection,-73,0,1971,16,2.9,1909,2037,2043,115.3,83.9,False,0.0,0.0,0.0,0.0,0
2026-10-07T21:47:01.003,32927.0,gun_dection,-73,0,1971,16,2.9,1951,2041,2041,98.4,16.9,False,0.0,0.0,0.0,0.0,0
2026-10-07T21:47:01.048,32981.0,gun_dection,-73,0,1968,16,2.9,2006,2004,2042,66.2,32.2,False,0.0,0.0,0.0,0.0,0
2026-10-07T21:47:01.111,33045.0,gun_dection,-73,0,1971,16,2.9,2027,1983,2131,69.4,3.2,False,0.0,0.0,0.0,0.0,0
2026-10-07T21:47:01.167,33099.0,gun_dection,-73,0,1971,16,2.9,2021,1989,2140,74.6,5.2,False,0.0,0.0,0.0,0.0,0
2026-10-07T21:47:01.219,33153.0,gun_dection,-73,0,1968,16,2.9,2015,1975,2153,78.1,3.4,False,0.0,0.0,0.0,0.0,0
2026-10-07T21:47:01.284,33217.0,gun_dection,-73,0,1968,16,2.9,2028,2002,2268,194.4,116.4,False,0.0,0.0,0.0,0.0,0
2026-10-07T21:47:01.344,33272.0,gun_dection,-65,0,1971,16,2.9,1971,2067,2275,220.1,25.6,False,0.0,0.0,0.0,0.0,0
2026-10-07T21:47:01.408,33338.0,gun_dection,-65,0,1967,16,2.9,1979,2085,2093,127.0,93.1,False,0.0,0.0,0.0,0.0,0
2026-10-07T21:47:01.486,33414.0,gun_dection,-65,0,1971,16,2.9,1988,2103,2002,166.3,39.3,False,0.0,0.0,0.0,0.0,0
2026-10-07T21:47:01.543,33470.0,gun_dection,-65,0,1975,16,2.9,1990,2072,2045,120.3,46.0,False,0.0,0.0,0.0,0.0,0
2026-10-07T21:47:01.596,33525.0,gun_dection,-65,0,1971,16,2.9,1941,2085,2031,143.5,23.2,False,0.0,0.0,0.0,0.0,0
2026-10-07T21:47:01.662,33589.0,gun_dection,-65,0,1973,73,7.8,1945,2093,2079,139.9,3.6,False,0.0,0.0,0.0,0.0,0
2026-10-07T21:47:01.718,33644.0,gun_dection,-65,0,1971,73,7.8,1968,2145,2151,198.8,58.9,False,0.0,0.0,0.0,0.0,0
2026-10-07T21:47:01.773,33708.0,gun_dection,-65,0,1971,73,7.8,1964,2141,2229,234.0,35.1,False,0.0,0.0,0.0,0.0,0
2026-10-07T21:47:01.828,33762.0,gun_dection,-65,0,1968,73,7.8,1951,2088,2179,163.8,70.1,False,0.0,0.0,0.0,0.0,0
2026-10-07T21:47:01.900,33826.0,gun_dection,-65,0,1966,73,7.8,2023,2045,2067,96.9,66.9,False,0.0,0.0,0.0,0.0,0
2026-10-07T21:47:01.955,33880.0,gun_dection,-65,0,1971,73,7.8,1993,2094,2099,136.8,39.9,False,0.0,0.0,0.0,0.0,0
2026-10-07T21:47:02.022,33955.0,gun_dection,-65,0,1967,73,7.8,1967,1925,2121,52.4,84.4,False,0.0,0.0,0.0,0.0,0
2026-10-07T21:47:02.086,34019.0,gun_dection,-65,0,1968,73,7.8,1971,1926,2151,75.3,23.0,False,0.0,0.0,0.0,0.0,0
2026-10-07T21:47:02.139,34073.0,gun_dection,-65,0,1968,73,7.8,1927,1883,2137,107.6,32.3,False,0.0,0.0,0.0,0.0,0
2026-10-07T21:47:02.205,34138.0,gun_dection,-65,0,1967,73,7.8,1901,1913,2277,214.3,106.7,False,0.0,0.0,0.0,0.0,0
2026-10-07T21:47:02.260,34192.0,gun_dection,-65,0,1966,73,7.8,1852,1977,2345,292.4,78.1,False,0.0,0.0,0.0,0.0,0
2026-10-07T21:47:02.325,34256.0,gun_dection,-65,0,1967,73,7.8,1877,2045,2202,180.6,111.8,False,0.0,0.0,0.0,0.0,0
2026-10-07T21:47:02.378,34312.0,gun_dection,-65,0,1967,73,7.8,1919,2119,2040,178.5,2.1,False,0.0,0.0,0.0,0.0,0
2026-10-07T21:47:02.438,34367.0,gun_dection,-65,0,1968,73,7.8,1961,2165,1968,238.1,59.6,False,0.0,0.0,0.0,0.0,0
2026-10-07T21:47:02.502,34433.0,gun_dection,-65,0,1965,73,7.8,1951,2103,1993,174.0,64.1,False,0.0,0.0,0.0,0.0,0
2026-10-07T21:47:02.581,34509.0,gun_dection,-65,0,1967,73,7.8,1959,2101,2098,145.4,28.6,False,0.0,0.0,0.0,0.0,0
2026-10-07T21:47:02.634,34564.0,gun_dection,-65,0,1967,73,7.8,1952,2135,2107,180.8,35.5,False,0.0,0.0,0.0,0.0,0
2026-10-07T21:47:02.694,34629.0,gun_dection,-65,0,1971,73,7.8,1981,2184,2227,267.1,86.3,False,0.0,0.0,0.0,0.0,0
2026-10-07T21:47:02.749,34683.0,gun_dection,-65,0,1965,73,7.8,1957,2164,2184,230.1,37.0,False,0.0,0.0,0.0,0.0,0
2026-10-07T21:47:02.814,34747.0,gun_dection,-65,0,1965,73,7.8,1963,2075,2039,126.7,103.4,False,0.0,0.0,0.0,0.0,0
2026-10-07T21:47:02.866,34801.0,gun_dection,-65,0,1968,73,7.8,1962,2059,2029,116.7,10.0,False,0.0,0.0,0.0,0.0,0
2026-10-07T21:47:02.936,34865.0,gun_dection,-65,0,1971,73,7.8,1929,1975,2075,57.1,59.6,False,0.0,0.0,0.0,0.0,0
2026-10-07T21:47:03.004,34919.0,gun_dection,-65,0,2031,73,7.8,1940,1899,2165,109.0,51.9,False,0.0,0.0,0.0,0.0,0
2026-10-07T21:47:03.051,34984.0,gun_dection,-65,0,1967,73,7.8,1957,1941,2233,152.1,43.0,False,0.0,0.0,0.0,0.0,0
2026-10-07T21:47:03.128,35058.0,gun_dection,-65,0,1973,73,7.8,1885,1933,2313,250.1,98.1,False,0.0,0.0,0.0,0.0,0
2026-10-07T21:47:03.179,35113.0,gun_dection,-65,0,1967,73,7.8,1850,2037,2335,294.5,44.4,False,0.0,0.0,0.0,0.0,0
2026-10-07T21:47:03.243,35177.0,gun_dection,-65,0,1967,73,7.8,1834,2079,2194,220.8,73.7,False,0.0,0.0,0.0,0.0,0
2026-10-07T21:47:03.298,35231.0,gun_dection,-65,0,1974,73,7.8,1895,2146,2075,207.4,13.4,False,0.0,0.0,0.0,0.0,0
2026-10-07T21:47:03.354,35286.0,gun_dection,-65,0,1972,73,7.8,1925,2165,1981,238.1,30.7,False,0.0,0.0,0.0,0.0,0
2026-10-07T21:47:03.423,35352.0,gun_dection,-65,0,1968,73,7.8,1963,2135,1972,210.2,27.9,False,0.0,0.0,0.0,0.0,0
2026-10-07T21:47:03.476,35408.0,gun_dection,-65,0,1970,73,7.8,2009,2153,1993,216.6,6.4,False,0.0,0.0,0.0,0.0,0
2026-10-07T21:47:03.534,35463.0,gun_dection,-65,0,1967,73,7.8,2028,2195,2055,242.7,26.2,False,0.0,0.0,0.0,0.0,0
2026-10-07T21:47:03.595,35529.0,gun_dection,-68,0,1967,73,7.8,2013,2239,2153,290.6,47.9,False,0.0,0.0,0.0,0.0,0
2026-10-07T21:47:03.670,35604.0,gun_dection,-68,0,1975,73,7.8,1926,2199,2191,269.4,21.2,False,0.0,0.0,0.0,0.0,0
2026-10-07T21:47:03.729,35658.0,gun_dection,-68,0,1967,73,7.8,1909,2125,2133,188.7,80.7,False,0.0,0.0,0.0,0.0,0
2026-10-07T21:47:03.790,35722.0,gun_dection,-68,0,1971,73,7.8,1951,2094,1989,168.7,20.0,False,0.0,0.0,0.0,0.0,0
2026-10-07T21:47:03.844,35776.0,gun_dection,-68,0,1971,73,7.8,1910,2039,2065,110.3,58.4,False,0.0,0.0,0.0,0.0,0
2026-10-07T21:47:03.908,35841.0,gun_dection,-68,0,1970,73,7.8,1907,1968,2202,140.4,30.1,False,0.0,0.0,0.0,0.0,0
2026-10-07T21:47:03.964,35895.0,gun_dection,-68,0,1966,73,7.8,1899,1949,2276,209.5,69.1,False,0.0,0.0,0.0,0.0,0
2026-10-07T21:47:04.025,35959.0,gun_dection,-68,0,1965,73,7.8,1919,1941,2153,95.4,114.1,False,0.0,0.0,0.0,0.0,0
2026-10-07T21:47:04.079,36013.0,gun_dection,-68,0,1966,73,7.8,1848,1950,2276,234.6,139.2,False,0.0,0.0,0.0,0.0,0
2026-10-07T21:47:04.154,36077.0,gun_dection,-68,0,1966,73,7.8,1815,2078,2313,308.0,73.4,False,0.0,0.0,0.0,0.0,0
2026-10-07T21:47:04.222,36152.0,gun_dection,-68,0,1971,73,7.8,1875,2155,2140,231.1,76.8,False,0.0,0.0,0.0,0.0,0
2026-10-07T21:47:04.283,36206.0,gun_dection,-68,0,1966,73,7.8,1925,2189,2023,245.5,14.4,False,0.0,0.0,0.0,0.0,0
2026-10-07T21:47:04.344,36271.0,gun_dection,-76,0,1973,73,7.8,1932,2181,1963,258.5,13.0,False,0.0,0.0,0.0,0.0,0
2026-10-07T21:47:04.394,36326.0,gun_dection,-76,0,1967,73,7.8,1940,2216,1995,276.0,17.5,False,0.0,0.0,0.0,0.0,0
2026-10-07T21:47:04.449,36381.0,gun_dection,-76,0,1971,73,7.8,1945,2259,1998,315.1,39.1,False,0.0,0.0,0.0,0.0,0
2026-10-07T21:47:04.518,36447.0,gun_dection,-76,0,1964,73,7.8,1949,2255,1971,319.3,4.3,False,0.0,0.0,0.0,0.0,0
2026-10-07T21:47:04.574,36502.0,gun_dection,-76,0,1965,73,7.8,1943,2327,2095,371.0,51.7,False,0.0,0.0,0.0,0.0,0
2026-10-07T21:47:04.624,36557.0,gun_dection,-76,0,1977,73,7.8,1813,2291,2135,376.9,6.0,False,0.0,0.0,0.0,0.0,0
2026-10-07T21:47:04.687,36621.0,gun_dection,-76,0,1967,73,7.8,1817,2169,2237,308.6,68.4,False,0.0,0.0,0.0,0.0,0
2026-10-07T21:47:04.765,36696.0,gun_dection,-76,0,1971,73,7.8,1822,2117,2126,229.7,78.9,False,0.0,0.0,0.0,0.0,0
2026-10-07T21:47:04.816,36750.0,gun_dection,-76,0,1967,73,7.8,1893,2055,2163,153.7,76.0,False,0.0,0.0,0.0,0.0,0
2026-10-07T21:47:04.880,36814.0,gun_dection,-76,0,1968,73,7.8,1941,1977,2186,111.7,42.0,False,0.0,0.0,0.0,0.0,0
2026-10-07T21:47:04.934,36868.0,gun_dection,-76,0,1965,73,7.8,1875,1943,2279,223.2,111.5,False,0.0,0.0,0.0,0.0,0
2026-10-07T21:47:05.002,36933.0,gun_dection,-76,0,1971,73,7.8,1753,2001,2347,351.7,128.5,False,0.0,0.0,0.0,0.0,0
2026-10-07T21:47:05.052,36987.0,gun_dection,-76,0,1971,73,7.8,1751,2190,2367,432.9,81.2,False,0.0,0.0,0.0,0.0,0
2026-10-07T21:47:05.120,37051.0,gun_dection,-76,0,1971,73,7.8,1780,2235,2203,363.0,69.9,False,0.0,0.0,0.0,0.0,0
2026-10-07T21:47:05.172,37105.0,gun_dection,-76,0,1973,73,7.8,1840,2263,2091,336.5,26.5,False,0.0,0.0,0.0,0.0,0
2026-10-07T21:47:05.239,37169.0,gun_dection,-76,0,1965,73,7.8,1879,2265,1982,339.5,3.0,False,0.0,0.0,0.0,0.0,0
2026-10-07T21:47:05.311,37244.0,gun_dection,-76,0,1964,73,7.8,1917,2282,2022,336.1,3.4,False,0.0,0.0,0.0,0.0,0
2026-10-07T21:47:05.371,37299.0,gun_dection,-76,0,1967,73,7.8,1930,2269,1982,331.3,4.8,False,0.0,0.0,0.0,0.0,0
2026-10-07T21:47:05.428,37355.0,gun_dection,-76,0,1965,73,7.8,2042,2248,1982,312.8,18.4,False,0.0,0.0,0.0,0.0,0
2026-10-07T21:47:05.495,37420.0,gun_dection,-76,0,1973,73,7.8,1943,2275,2091,319.2,6.4,False,0.0,0.0,0.0,0.0,0
2026-10-07T21:47:05.561,37475.0,gun_dection,-76,0,1966,73,7.8,1913,2211,2279,326.6,7.4,False,0.0,0.0,0.0,0.0,0
2026-10-07T21:47:05.599,37530.0,gun_dection,-76,0,1967,73,7.8,1943,2135,2141,189.8,136.8,False,0.0,0.0,0.0,0.0,0
2026-10-07T21:47:05.661,37594.0,gun_dection,-76,0,1965,73,7.8,1939,2103,1982,182.4,7.4,False,0.0,0.0,0.0,0.0,0
2026-10-07T21:47:05.714,37649.0,gun_dection,-76,0,1971,73,7.8,1883,2035,2075,126.2,56.3,False,0.0,0.0,0.0,0.0,0
2026-10-07T21:47:05.779,37713.0,gun_dection,-76,0,1965,73,7.8,1911,1975,2182,122.5,3.7,False,0.0,0.0,0.0,0.0,0
2026-10-07T21:47:05.862,37788.0,gun_dection,-76,0,1967,73,7.8,1919,1907,2329,258.2,135.7,False,0.0,0.0,0.0,0.0,0
2026-10-07T21:47:05.910,37842.0,gun_dection,-76,0,1973,73,7.8,1891,1947,2239,180.3,77.8,False,0.0,0.0,0.0,0.0,0
2026-10-07T21:47:05.973,37906.0,gun_dection,-76,0,1977,73,7.8,1820,2041,2331,307.0,126.7,False,0.0,0.0,0.0,0.0,0
2026-10-07T21:47:06.026,37960.0,gun_dection,-76,0,1971,73,7.8,1773,2171,2323,382.5,75.4,False,0.0,0.0,0.0,0.0,0
2026-10-07T21:47:06.095,38024.0,gun_dection,-76,0,1972,73,7.8,1823,2180,2185,291.3,91.2,False,0.0,0.0,0.0,0.0,0
2026-10-07T21:47:06.145,38078.0,gun_dection,-76,0,1968,73,7.8,1867,2231,2053,297.9,6.6,False,0.0,0.0,0.0,0.0,0
2026-10-07T21:47:06.208,38142.0,gun_dection,-76,0,1972,73,7.8,1899,2213,1968,292.2,5.7,False,0.0,0.0,0.0,0.0,0
2026-10-07T21:47:06.266,38196.0,gun_dection,-76,0,1965,73,7.8,1901,2213,1995,282.0,10.2,False,0.0,0.0,0.0,0.0,0
2026-10-07T21:47:06.329,38261.0,gun_dection,-76,0,1971,73,7.8,1930,2249,1957,321.6,39.7,False,0.0,0.0,0.0,0.0,0
2026-10-07T21:47:06.409,38338.0,gun_dection,-76,0,1965,73,7.8,1989,2280,1942,351.8,30.1,False,0.0,0.0,0.0,0.0,0
2026-10-07T21:47:06.462,38393.0,gun_dection,-79,0,1967,73,7.8,1965,2347,2059,389.9,38.2,False,0.0,0.0,0.0,0.0,0
2026-10-07T21:47:06.521,38449.0,gun_dection,-79,0,1971,67,7.6,1855,2335,2095,397.9,8.0,False,0.0,0.0,0.0,0.0,0
2026-10-07T21:47:06.584,38514.0,gun_dection,-79,0,1971,67,7.6,1824,2266,2139,350.5,47.4,False,0.0,0.0,0.0,0.0,0
2026-10-07T21:47:06.639,38569.0,gun_dection,-79,0,1971,67,7.6,1803,2269,2163,367.5,17.0,False,0.0,0.0,0.0,0.0,0
2026-10-07T21:47:06.703,38633.0,gun_dection,-79,0,1971,67,7.6,1805,2191,2203,316.0,51.5,False,0.0,0.0,0.0,0.0,0
2026-10-07T21:47:06.755,38687.0,gun_dection,-79,0,1967,67,7.6,1880,2133,2299,295.4,20.7,False,0.0,0.0,0.0,0.0,0
2026-10-07T21:47:06.844,38751.0,gun_dection,-79,0,1967,67,7.6,1813,2105,2213,258.7,36.6,False,0.0,0.0,0.0,0.0,0
2026-10-07T21:47:06.875,38805.0,gun_dection,-79,0,1971,67,7.6,1851,2136,2218,258.5,0.2,False,0.0,0.0,0.0,0.0,0
2026-10-07T21:47:06.950,38880.0,gun_dection,-79,0,1971,67,7.6,1770,2265,2253,409.7,151.1,False,0.0,0.0,0.0,0.0,0
2026-10-07T21:47:07.016,38944.0,gun_dection,-79,0,1973,67,7.6,1771,2311,2152,416.9,7.3,False,0.0,0.0,0.0,0.0,0
2026-10-07T21:47:07.066,38998.0,gun_dection,-79,0,1967,67,7.6,1829,2291,2079,366.5,50.4,False,0.0,0.0,0.0,0.0,0
2026-10-07T21:47:07.131,39062.0,gun_dection,-79,0,1963,67,7.6,1797,2311,2031,402.1,35.6,False,0.0,0.0,0.0,0.0,0
2026-10-07T21:47:07.183,39116.0,gun_dection,-79,0,1966,67,7.6,1819,2295,2018,380.2,21.9,False,0.0,0.0,0.0,0.0,0
2026-10-07T21:47:07.247,39181.0,gun_dection,-79,0,1966,67,7.6,1845,2301,1983,382.9,2.7,False,0.0,0.0,0.0,0.0,0
2026-10-07T21:47:07.306,39235.0,gun_dection,-79,0,1968,67,7.6,1898,2223,1947,309.9,73.0,False,0.0,0.0,0.0,0.0,0
2026-10-07T21:47:07.371,39300.0,gun_dection,-79,0,1971,67,7.6,1947,2265,1907,356.0,46.1,False,0.0,0.0,0.0,0.0,0
2026-10-07T21:47:07.429,39356.0,gun_dection,-79,0,1968,67,7.6,1947,2356,2055,400.4,44.4,False,0.0,0.0,0.0,0.0,0
2026-10-07T21:47:07.503,39432.0,gun_dection,-79,0,1960,67,7.6,1851,2247,2067,317.8,82.6,False,0.0,0.0,0.0,0.0,0
2026-10-07T21:47:07.557,39488.0,gun_dection,-82,0,1964,67,7.6,1866,2199,2063,268.3,49.4,False,0.0,0.0,0.0,0.0,0
2026-10-07T21:47:07.619,39553.0,gun_dection,-82,0,1972,67,7.6,1819,2187,2119,283.4,15.1,False,0.0,0.0,0.0,0.0,0
2026-10-07T21:47:07.675,39607.0,gun_dection,-82,0,1968,67,7.6,1845,2148,2193,258.5,25.0,False,0.0,0.0,0.0,0.0,0
2026-10-07T21:47:07.739,39671.0,gun_dection,-82,0,1965,67,7.6,1827,2139,2200,265.2,6.7,False,0.0,0.0,0.0,0.0,0
2026-10-07T21:47:07.791,39725.0,gun_dection,-82,0,1967,67,7.6,1803,2109,2158,245.9,19.3,False,0.0,0.0,0.0,0.0,0
2026-10-07T21:47:07.858,39790.0,gun_dection,-82,0,1967,67,7.6,1787,2170,2207,313.4,67.5,False,0.0,0.0,0.0,0.0,0
2026-10-07T21:47:07.910,39844.0,gun_dection,-82,0,1967,67,7.6,1763,2231,2239,382.9,69.5,False,0.0,0.0,0.0,0.0,0
2026-10-07T21:47:07.997,39908.0,gun_dection,-82,0,1967,67,7.6,1785,2275,2104,373.9,9.0,False,0.0,0.0,0.0,0.0,0
2026-10-07T21:47:08.051,39983.0,gun_dection,-82,0,1968,67,7.6,1821,2263,2037,348.2,25.7,False,0.0,0.0,0.0,0.0,0
2026-10-07T21:47:08.122,40037.0,gun_dection,-82,0,1967,67,7.6,1786,2281,2019,383.5,35.3,False,0.0,0.0,0.0,0.0,0
2026-10-07T21:47:08.169,40102.0,gun_dection,-82,0,1967,67,7.6,1851,2291,1993,369.3,14.3,False,0.0,0.0,0.0,0.0,0
2026-10-07T21:47:08.223,40155.0,gun_dection,-82,0,1971,67,7.6,1876,2261,1994,333.4,35.9,False,0.0,0.0,0.0,0.0,0
2026-10-07T21:47:08.288,40220.0,gun_dection,-82,0,1971,67,7.6,1895,2239,1930,332.0,1.3,False,0.0,0.0,0.0,0.0,0
2026-10-07T21:47:08.348,40274.0,gun_dection,-82,0,1967,67,7.6,1931,2280,1938,357.1,25.1,False,0.0,0.0,0.0,0.0,0
2026-10-07T21:47:08.397,40330.0,gun_dection,-89,0,1970,67,7.6,1899,2328,2093,379.2,22.1,False,0.0,0.0,0.0,0.0,0
2026-10-07T21:47:08.465,40396.0,gun_dection,-89,0,1971,67,7.6,1867,2227,2073,292.8,86.4,False,0.0,0.0,0.0,0.0,0
2026-10-07T21:47:08.523,40451.0,gun_dection,-84,0,1967,67,7.6,1875,2169,2065,237.4,55.4,False,0.0,0.0,0.0,0.0,0
2026-10-07T21:47:08.598,40527.0,gun_dection,-84,0,1971,67,7.6,1871,2149,2107,222.2,15.2,False,0.0,0.0,0.0,0.0,0
2026-10-07T21:47:08.651,40582.0,gun_dection,-84,0,1970,67,7.6,1823,2135,2195,262.7,40.5,False,0.0,0.0,0.0,0.0,0
2026-10-07T21:47:08.716,40646.0,gun_dection,-84,0,1971,67,7.6,1829,2116,2167,235.3,27.4,False,0.0,0.0,0.0,0.0,0
2026-10-07T21:47:08.767,40700.0,gun_dection,-84,0,1966,67,7.6,1833,2149,2155,252.6,17.3,False,0.0,0.0,0.0,0.0,0
2026-10-07T21:47:08.838,40764.0,gun_dection,-84,0,1970,67,7.6,1807,2175,2215,308.2,55.6,False,0.0,0.0,0.0,0.0,0
2026-10-07T21:47:08.885,40818.0,gun_dection,-84,0,1971,67,7.6,1738,2251,2219,404.7,96.5,False,0.0,0.0,0.0,0.0,0
2026-10-07T21:47:08.951,40883.0,gun_dection,-84,0,1973,67,7.6,1785,2285,2101,382.2,22.4,False,0.0,0.0,0.0,0.0,0
2026-10-07T21:47:09.003,40937.0,gun_dection,-84,0,1971,67,7.6,1829,2285,2028,365.4,16.8,False,0.0,0.0,0.0,0.0,0
2026-10-07T21:47:09.071,41001.0,gun_dection,-84,0,1973,67,7.6,1832,2248,2021,332.6,32.8,False,0.0,0.0,0.0,0.0,0
2026-10-07T21:47:09.144,41076.0,gun_dection,-84,0,1977,67,7.6,1833,2237,2019,323.0,9.6,False,0.0,0.0,0.0,0.0,0
2026-10-07T21:47:09.196,41130.0,gun_dection,-84,0,1971,67,7.6,1828,2199,2027,291.8,31.2,False,0.0,0.0,0.0,0.0,0
2026-10-07T21:47:09.269,41194.0,gun_dection,-84,0,1967,67,7.6,1887,2215,1960,300.8,9.0,False,0.0,0.0,0.0,0.0,0
2026-10-07T21:47:09.416,41248.0,gun_dection,-84,0,1967,67,7.6,1927,2190,2012,249.0,51.8,False,0.0,0.0,0.0,0.0,0
2026-10-07T21:47:09.429,41304.0,gun_dection,-84,0,1983,67,7.6,1999,2135,2183,203.1,45.9,False,0.0,0.0,0.0,0.0,0
2026-10-07T21:47:09.438,41369.0,gun_dection,-84,0,1963,67,7.6,1977,2121,2155,177.5,25.6,False,0.0,0.0,0.0,0.0,0
2026-10-07T21:47:09.495,41424.0,gun_dection,-84,0,1967,67,7.6,2001,2045,2089,88.7,88.8,False,0.0,0.0,0.0,0.0,0
2026-10-07T21:47:09.589,41480.0,gun_dection,-84,0,1967,67,7.6,1977,2009,2071,52.5,36.2,False,0.0,0.0,0.0,0.0,0
2026-10-07T21:47:09.628,41545.0,gun_dection,-90,0,1967,67,7.6,1951,1943,2099,38.4,14.1,False,0.0,0.0,0.0,0.0,0
2026-10-07T21:47:09.701,41620.0,gun_dection,-90,0,1965,67,7.6,1999,1927,2163,86.5,48.1,False,0.0,0.0,0.0,0.0,0
2026-10-07T21:47:09.752,41674.0,gun_dection,-90,0,1967,67,7.6,1949,1941,2159,83.8,2.7,False,0.0,0.0,0.0,0.0,0
2026-10-07T21:47:09.965,41792.0,gun_dection,-90,0,1972,67,7.6,1946,2065,2199,160.7,36.9,False,0.0,0.0,0.0,0.0,0
2026-10-07T21:47:09.966,41856.0,gun_dection,-90,0,1967,67,7.6,1973,2063,2143,120.2,40.5,False,0.0,0.0,0.0,0.0,0
2026-10-07T21:47:10.016,41910.0,gun_dection,-90,0,1967,67,7.6,2021,2063,2027,125.3,5.1,False,0.0,0.0,0.0,0.0,0
2026-10-07T21:47:10.041,41974.0,gun_dection,-90,0,1967,67,7.6,1979,2071,2006,137.2,11.9,False,0.0,0.0,0.0,0.0,0
2026-10-07T21:47:10.170,42028.0,gun_dection,-90,0,1967,67,7.6,1949,2196,2001,254.0,116.8,False,0.0,0.0,0.0,0.0,0
2026-10-07T21:47:10.173,42092.0,gun_dection,-90,0,1971,67,7.6,1951,2199,2153,252.1,1.9,False,0.0,0.0,0.0,0.0,0
2026-10-07T21:47:10.239,42167.0,gun_dection,-90,0,1966,67,7.6,1991,2147,2071,189.2,62.9,False,0.0,0.0,0.0,0.0,0
2026-10-07T21:47:10.387,42221.0,gun_dection,-90,0,1976,67,7.6,2083,2173,2090,236.9,47.7,False,0.0,0.0,0.0,0.0,0
2026-10-07T21:47:10.456,42286.0,gun_dection,-90,0,1966,67,7.6,1933,2195,2191,264.1,27.2,False,0.0,0.0,0.0,0.0,0
2026-10-07T21:47:10.642,42397.0,gun_dection,-90,0,1967,67,7.6,1939,2173,2115,221.1,37.7,False,0.0,0.0,0.0,0.0,0
2026-10-07T21:47:10.643,42462.0,gun_dection,-90,0,1967,67,7.6,1800,2087,2140,230.2,9.1,False,0.0,0.0,0.0,0.0,0
2026-10-07T21:47:10.643,42518.0,gun_dection,-90,0,1967,67,7.6,1791,2077,2091,225.5,4.7,False,0.0,0.0,0.0,0.0,0
2026-10-07T21:47:10.684,42582.0,gun_dection,-90,0,1967,67,7.6,1963,2165,2093,207.7,17.8,False,0.0,0.0,0.0,0.0,0
2026-10-07T21:47:10.709,42635.0,gun_dection,-90,0,1968,67,7.6,1997,2193,2020,243.7,36.0,False,0.0,0.0,0.0,0.0,0
2026-10-07T21:47:10.782,42710.0,gun_dection,-89,0,1971,67,7.6,2012,2165,2043,212.7,31.0,False,0.0,0.0,0.0,0.0,0
2026-10-07T21:47:10.894,42774.0,gun_dection,-89,0,1967,67,7.6,2011,2140,2104,184.8,27.9,False,0.0,0.0,0.0,0.0,0
2026-10-07T21:47:11.117,42946.0,gun_dection,-89,0,2063,67,7.6,1967,2139,2092,181.4,53.8,False,0.0,0.0,0.0,0.0,0
2026-10-07T21:47:11.599,43256.0,gun_dection,-89,0,1972,67,7.6,2056,2196,2136,253.9,38.0,False,0.0,0.0,0.0,0.0,0
2026-10-07T21:47:11.600,43322.0,gun_dection,-89,0,1972,127,11.6,1995,2100,2265,229.7,24.2,False,0.0,0.0,0.0,0.0,0
2026-10-07T21:47:11.604,43378.0,gun_dection,-89,0,1971,127,11.6,1952,2063,2394,328.1,98.4,False,0.0,0.0,0.0,0.0,0
2026-10-07T21:47:11.606,43443.0,gun_dection,-89,0,1972,127,11.6,1848,2029,2287,253.2,74.9,False,0.0,0.0,0.0,0.0,0
2026-10-07T21:47:11.610,43498.0,gun_dection,-89,0,1975,127,11.6,1895,2101,2111,169.4,83.8,False,0.0,0.0,0.0,0.0,0
2026-10-07T21:47:11.691,43563.0,gun_dection,-89,0,1971,127,11.6,1901,2202,1951,289.5,120.0,False,0.0,0.0,0.0,0.0,0
2026-10-07T21:47:11.741,43616.0,gun_dection,-89,0,1968,127,11.6,1983,2189,1949,267.4,22.1,False,0.0,0.0,0.0,0.0,0
2026-10-07T21:47:12.114,43927.0,gun_dection,-89,0,1974,127,11.6,2029,2121,2220,216.6,16.1,False,0.0,0.0,0.0,0.0,0
2026-10-07T21:47:12.114,43991.0,gun_dection,-89,0,1965,127,11.6,1997,2123,2173,187.4,29.2,False,0.0,0.0,0.0,0.0,0
2026-10-07T21:47:12.170,44045.0,gun_dection,-89,0,1967,127,11.6,1983,2122,2143,173.7,13.7,False,0.0,0.0,0.0,0.0,0
2026-10-07T21:47:12.179,44109.0,gun_dection,-89,0,1971,127,11.6,1979,2104,2149,159.3,14.5,False,0.0,0.0,0.0,0.0,0
2026-10-07T21:47:12.295,44163.0,gun_dection,-89,0,1967,127,11.6,1983,2053,2135,107.2,52.0,False,0.0,0.0,0.0,0.0,0
2026-10-07T21:47:12.341,44227.0,gun_dection,-89,0,1971,127,11.6,1995,2085,2075,127.5,20.3,False,0.0,0.0,0.0,0.0,0
2026-10-07T21:47:12.356,44282.0,gun_dection,-89,0,1967,127,11.6,2057,2101,2059,162.8,35.3,False,0.0,0.0,0.0,0.0,0
2026-10-07T21:47:12.427,44358.0,gun_dection,-89,0,1972,127,11.6,2039,2091,2076,144.3,18.5,False,0.0,0.0,0.0,0.0,0
2026-10-07T21:47:12.495,44424.0,gun_dection,-91,0,1968,127,11.6,2031,2089,2129,146.2,1.9,False,0.0,0.0,0.0,0.0,0
2026-10-07T21:47:12.550,44479.0,gun_dection,-91,0,1967,127,11.6,2095,2106,2135,192.2,46.0,False,0.0,0.0,0.0,0.0,0
2026-10-07T21:47:12.623,44544.0,gun_dection,-89,0,1972,127,11.6,2121,2171,2087,253.6,61.4,False,0.0,0.0,0.0,0.0,0
2026-10-07T21:47:12.681,44598.0,gun_dection,-89,0,1971,127,11.6,2095,2184,2075,252.1,1.5,False,0.0,0.0,0.0,0.0,0
2026-10-07T21:47:12.765,44662.0,gun_dection,-89,0,1971,127,11.6,2055,2165,2077,219.0,33.2,False,0.0,0.0,0.0,0.0,0
2026-10-07T21:47:12.785,44715.0,gun_dection,-89,0,1967,127,11.6,1965,2101,2143,155.1,63.9,False,0.0,0.0,0.0,0.0,0
2026-10-07T21:47:12.889,44780.0,gun_dection,-89,0,1967,127,11.6,1882,2009,2137,124.3,30.8,False,0.0,0.0,0.0,0.0,0
2026-10-07T21:47:12.959,44834.0,gun_dection,-89,0,1971,127,11.6,1917,2056,2166,143.1,18.8,False,0.0,0.0,0.0,0.0,0
2026-10-07T21:47:13.001,44908.0,gun_dection,-89,0,1968,127,11.6,1961,2101,2131,151.5,8.4,False,0.0,0.0,0.0,0.0,0
2026-10-07T21:47:13.210,45026.0,gun_dection,-89,0,1967,127,11.6,1957,2056,2127,109.5,13.7,False,0.0,0.0,0.0,0.0,0
2026-10-07T21:47:13.210,45090.0,gun_dection,-89,0,1968,127,11.6,1929,2057,2121,118.0,8.5,False,0.0,0.0,0.0,0.0,0
2026-10-07T21:47:13.437,45263.0,gun_dection,-89,0,1971,127,11.6,2007,2133,2156,190.2,25.3,False,0.0,0.0,0.0,0.0,0
2026-10-07T21:47:13.437,45328.0,gun_dection,-89,0,1971,127,11.6,2057,2155,2141,217.6,27.4,False,0.0,0.0,0.0,0.0,0
2026-10-07T21:47:13.658,45460.0,gun_dection,-89,0,1971,127,11.6,2020,2117,2247,230.1,0.2,False,0.0,0.0,0.0,0.0,0
2026-10-07T21:47:14.667,45697.0,gun_dection,-89,0,1964,127,11.6,1942,2030,1970,141.0,41.6,False,0.0,0.0,0.0,0.0,0
2026-10-07T21:47:14.667,45761.0,gun_dection,-89,0,1965,127,11.6,1988,2063,2019,123.5,17.5,False,0.0,0.0,0.0,0.0,0
2026-10-07T21:47:14.668,45815.0,gun_dection,-89,0,1963,127,11.6,1917,2099,1983,185.4,61.9,False,0.0,0.0,0.0,0.0,0
2026-10-07T21:47:14.820,45879.0,gun_dection,-89,0,1971,127,11.6,1947,2071,2089,118.2,67.2,False,0.0,0.0,0.0,0.0,0
2026-10-07T21:47:14.855,45933.0,gun_dection,-89,0,1967,127,11.6,1961,2043,2093,87.7,30.5,False,0.0,0.0,0.0,0.0,0
2026-10-07T21:47:14.862,46008.0,gun_dection,-89,0,1964,127,11.6,1899,2083,2107,151.6,63.9,False,0.0,0.0,0.0,0.0,0
2026-10-07T21:47:14.870,46072.0,gun_dection,-89,0,1965,127,11.6,1958,2119,2269,245.7,94.1,False,0.0,0.0,0.0,0.0,0
2026-10-07T21:47:14.904,46125.0,gun_dection,-89,0,1974,127,11.6,1907,2115,2223,222.2,23.5,False,0.0,0.0,0.0,0.0,0
2026-10-07T21:47:14.934,46189.0,gun_dection,-89,0,1975,127,11.6,1897,2141,2197,230.8,8.6,False,0.0,0.0,0.0,0.0,0
2026-10-07T21:47:14.945,46243.0,gun_dection,-89,0,1965,127,11.6,2003,2115,2110,159.7,71.0,False,0.0,0.0,0.0,0.0,0
2026-10-07T21:47:14.966,46309.0,gun_dection,-89,0,1967,127,11.6,1913,2111,2104,168.7,8.9,False,0.0,0.0,0.0,0.0,0
2026-10-07T21:47:15.025,46364.0,gun_dection,-86,0,1965,127,11.6,1873,2095,2077,175.1,6.5,False,0.0,0.0,0.0,0.0,0
2026-10-07T21:47:15.026,46429.0,gun_dection,-86,0,1966,127,11.6,1887,2104,2071,174.5,0.6,False,0.0,0.0,0.0,0.0,0
2026-10-07T21:47:15.028,46484.0,gun_dection,-86,0,1965,127,11.6,1881,2080,2087,158.3,16.2,False,0.0,0.0,0.0,0.0,0
2026-10-07T21:47:15.085,46560.0,gun_dection,-86,0,1967,127,11.6,1908,2068,2075,132.8,25.6,False,0.0,0.0,0.0,0.0,0
2026-10-07T21:47:15.500,46677.0,gun_dection,-86,0,1965,127,11.6,1895,2135,2021,206.9,61.3,False,0.0,0.0,0.0,0.0,0
2026-10-07T21:47:15.501,46741.0,gun_dection,-86,0,1971,127,11.6,1895,2123,2090,186.4,20.6,False,0.0,0.0,0.0,0.0,0
2026-10-07T21:47:15.538,46795.0,gun_dection,-86,0,1965,127,11.6,1959,2044,2121,95.8,90.5,False,0.0,0.0,0.0,0.0,0
2026-10-07T21:47:15.998,46913.0,gun_dection,-86,0,1964,127,11.6,1837,2125,2103,221.9,47.3,False,0.0,0.0,0.0,0.0,0
2026-10-07T21:47:16.143,46977.0,gun_dection,-86,0,1965,127,11.6,1867,2133,2151,219.5,2.3,False,0.0,0.0,0.0,0.0,0
2026-10-07T21:47:16.144,47031.0,gun_dection,-86,0,1971,127,11.6,1908,2133,2201,222.6,3.1,False,0.0,0.0,0.0,0.0,0
2026-10-07T21:47:16.196,47106.0,gun_dection,-86,0,1980,127,11.6,1867,2275,2236,369.4,146.7,False,0.0,0.0,0.0,0.0,0
2026-10-07T21:47:16.196,47170.0,gun_dection,-86,0,1883,127,11.6,1927,2258,2183,320.0,49.3,False,0.0,0.0,0.0,0.0,0
2026-10-07T21:47:16.210,47224.0,gun_dection,-86,0,1966,127,11.6,1989,2201,2067,243.1,77.0,False,0.0,0.0,0.0,0.0,0
2026-10-07T21:47:16.211,47289.0,gun_dection,-86,0,1966,127,11.6,2065,2183,2055,240.8,2.3,False,0.0,0.0,0.0,0.0,0
2026-10-07T21:47:16.232,47344.0,gun_dection,-86,0,1967,127,11.6,2055,2158,2016,222.9,17.9,False,0.0,0.0,0.0,0.0,0
2026-10-07T21:47:16.232,47409.0,gun_dection,-86,0,1966,127,11.6,1965,2129,2007,188.0,34.9,False,0.0,0.0,0.0,0.0,0
2026-10-07T21:47:16.248,47464.0,gun_dection,-86,0,1966,127,11.6,1914,2071,2118,135.9,52.1,False,0.0,0.0,0.0,0.0,0
2026-10-07T21:47:16.270,47530.0,gun_dection,-86,0,1967,127,11.6,1843,1945,2159,158.9,23.0,False,0.0,0.0,0.0,0.0,0
2026-10-07T21:47:16.284,47584.0,gun_dection,-86,0,1966,127,11.6,1829,2079,2263,264.5,105.6,False,0.0,0.0,0.0,0.0,0
2026-10-07T21:47:16.291,47659.0,gun_dection,-86,0,1963,127,11.6,1799,2236,2279,385.3,120.8,False,0.0,0.0,0.0,0.0,0
2026-10-07T21:47:16.304,47722.0,gun_dection,-86,0,1977,127,11.6,1879,2213,2171,288.0,97.4,False,0.0,0.0,0.0,0.0,0
2026-10-07T21:47:16.348,47776.0,gun_dection,-86,0,1966,127,11.6,1913,2194,2111,246.9,41.1,False,0.0,0.0,0.0,0.0,0
2026-10-07T21:47:16.358,47840.0,gun_dection,-86,0,1971,127,11.6,1975,2156,2040,202.5,44.4,False,0.0,0.0,0.0,0.0,0
2026-10-07T21:47:16.358,47894.0,gun_dection,-86,0,1971,127,11.6,2015,2159,2029,210.4,8.0,False,0.0,0.0,0.0,0.0,0
2026-10-07T21:47:16.386,47958.0,gun_dection,-86,0,1967,127,11.6,1976,2191,2069,233.0,22.6,False,0.0,0.0,0.0,0.0,0
2026-10-07T21:47:16.387,48012.0,gun_dection,-86,0,1965,127,11.6,2004,2263,2043,307.9,74.9,False,0.0,0.0,0.0,0.0,0
2026-10-07T21:47:16.401,48076.0,gun_dection,-86,0,1972,127,11.6,1895,2323,2207,394.3,86.3,False,0.0,0.0,0.0,0.0,0
2026-10-07T21:47:16.408,48130.0,gun_dection,-86,0,1968,127,11.6,1785,2197,2223,339.2,55.1,False,0.0,0.0,0.0,0.0,0
2026-10-07T21:47:16.438,48215.0,gun_dection,-86,0,1967,97,10.1,1955,2136,2101,180.3,158.9,False,0.0,0.0,0.0,0.0,0
2026-10-07T21:47:16.439,48269.0,gun_dection,-86,0,1965,97,10.1,1926,2148,2073,198.0,17.7,False,0.0,0.0,0.0,0.0,0
2026-10-07T21:47:16.440,48335.0,gun_dection,-81,0,1968,97,10.1,1887,2187,2109,248.8,50.8,False,0.0,0.0,0.0,0.0,0
2026-10-07T21:47:16.555,48390.0,gun_dection,-81,0,1970,97,10.1,1891,2238,2072,294.3,45.5,False,0.0,0.0,0.0,0.0,0
2026-10-07T21:47:16.567,48455.0,gun_dection,-81,0,1966,97,10.1,1885,2189,2036,254.9,39.4,False,0.0,0.0,0.0,0.0,0
2026-10-07T21:47:16.585,48510.0,gun_dection,-79,0,1974,97,10.1,1925,2111,2059,164.9,90.0,False,0.0,0.0,0.0,0.0,0
2026-10-07T21:47:16.663,48575.0,gun_dection,-79,0,1975,97,10.1,1899,2094,2031,167.9,3.0,False,0.0,0.0,0.0,0.0,0
2026-10-07T21:47:16.716,48629.0,gun_dection,-77,0,1973,97,10.1,1867,2147,2212,255.2,87.3,False,0.0,0.0,0.0,0.0,0
2026-10-07T21:47:16.826,48693.0,gun_dection,-77,0,1973,97,10.1,1849,2104,2206,231.9,23.3,False,0.0,0.0,0.0,0.0,0
2026-10-07T21:47:16.855,48767.0,gun_dection,-77,0,1975,97,10.1,1877,2075,2131,163.9,68.0,False,0.0,0.0,0.0,0.0,0
2026-10-07T21:47:16.935,48821.0,gun_dection,-77,0,1975,97,10.1,1931,2063,2093,116.8,47.1,False,0.0,0.0,0.0,0.0,0
2026-10-07T21:47:16.980,48885.0,gun_dection,-77,0,1973,97,10.1,1946,2091,2117,141.1,24.4,False,0.0,0.0,0.0,0.0,0
2026-10-07T21:47:17.783,49057.0,gun_dection,-77,0,1966,97,10.1,1975,2139,2136,187.7,1.0,False,0.0,0.0,0.0,0.0,0
2026-10-07T21:47:17.784,49121.0,gun_dection,-77,0,1976,97,10.1,1949,2167,2120,214.0,26.3,False,0.0,0.0,0.0,0.0,0
2026-10-07T21:47:17.784,49175.0,gun_dection,-77,0,1967,97,10.1,1931,2203,2123,252.7,38.7,False,0.0,0.0,0.0,0.0,0
2026-10-07T21:47:17.785,49239.0,gun_dection,-77,0,1973,97,10.1,1948,2195,2072,239.2,13.5,False,0.0,0.0,0.0,0.0,0
2026-10-07T21:47:17.785,49315.0,gun_dection,-77,0,1966,97,10.1,1909,2141,2092,196.8,42.4,False,0.0,0.0,0.0,0.0,0
2026-10-07T21:47:17.795,49370.0,gun_dection,-77,0,1966,97,10.1,1901,2171,2079,227.6,30.8,False,0.0,0.0,0.0,0.0,0
2026-10-07T21:47:17.795,49436.0,gun_dection,-77,0,1967,97,10.1,1892,2119,2127,189.1,38.5,False,0.0,0.0,0.0,0.0,0
2026-10-07T21:47:17.828,49491.0,gun_dection,-77,0,1966,97,10.1,1927,2092,2092,144.7,44.3,False,0.0,0.0,0.0,0.0,0
2026-10-07T21:47:17.850,49555.0,gun_dection,-77,0,1967,97,10.1,1957,2086,2023,143.7,1.0,False,0.0,0.0,0.0,0.0,0
2026-10-07T21:47:17.874,49609.0,gun_dection,-77,0,1975,97,10.1,1946,2069,2043,123.5,20.3,False,0.0,0.0,0.0,0.0,0
2026-10-07T21:47:17.875,49673.0,gun_dection,-77,0,1965,97,10.1,1848,2105,2167,215.3,91.8,False,0.0,0.0,0.0,0.0,0
2026-10-07T21:47:17.875,49727.0,gun_dection,-77,0,1965,97,10.1,1845,2073,2217,222.7,7.4,False,0.0,0.0,0.0,0.0,0
2026-10-07T21:47:17.882,49791.0,gun_dection,-84,0,1967,97,10.1,1866,2087,2193,204.6,18.1,False,0.0,0.0,0.0,0.0,0
2026-10-07T21:47:17.937,49865.0,gun_dection,-84,0,1973,97,10.1,1893,2131,2170,212.3,7.7,False,0.0,0.0,0.0,0.0,0
2026-10-07T21:47:18.002,49919.0,gun_dection,-84,0,1975,97,10.1,1849,2119,2145,217.3,5.1,False,0.0,0.0,0.0,0.0,0
2026-10-07T21:47:18.059,49983.0,gun_dection,-84,0,1973,97,10.1,1893,2107,2063,174.7,42.7,False,0.0,0.0,0.0,0.0,0
2026-10-07T21:47:18.127,50037.0,gun_dection,-84,0,1973,97,10.1,1913,2121,2007,192.9,18.2,False,0.0,0.0,0.0,0.0,0
2026-10-07T21:47:18.174,50101.0,gun_dection,-84,0,1977,97,10.1,1918,2147,1996,217.9,25.0,False,0.0,0.0,0.0,0.0,0
2026-10-07T21:47:18.230,50155.0,gun_dection,-84,0,1974,97,10.1,1913,2142,1989,218.2,0.2,False,0.0,0.0,0.0,0.0,0
2026-10-07T21:47:18.311,50219.0,gun_dection,-84,0,1973,97,10.1,1884,2173,2032,241.7,23.6,False,0.0,0.0,0.0,0.0,0
2026-10-07T21:47:18.368,50274.0,gun_dection,-84,0,1973,97,10.1,1877,2183,2053,250.0,8.2,False,0.0,0.0,0.0,0.0,0
2026-10-07T21:47:18.407,50329.0,gun_dection,-84,0,1966,97,10.1,1855,2221,2155,300.2,50.2,False,0.0,0.0,0.0,0.0,0
2026-10-07T21:47:18.595,50415.0,gun_dection,-84,0,1973,97,10.1,1854,2277,2105,344.0,43.8,False,0.0,0.0,0.0,0.0,0
2026-10-07T21:47:19.129,50536.0,gun_dection,-84,0,1973,97,10.1,1855,2270,2121,338.5,29.3,False,0.0,0.0,0.0,0.0,0
2026-10-07T21:47:19.216,50590.0,gun_dection,-84,0,1903,97,10.1,1898,2197,2120,255.4,83.1,False,0.0,0.0,0.0,0.0,0
2026-10-07T21:47:19.241,50654.0,gun_dection,-84,0,1970,97,10.1,1915,2229,2152,286.8,31.3,False,0.0,0.0,0.0,0.0,0
2026-10-07T21:47:19.266,50708.0,gun_dection,-84,0,1966,97,10.1,1915,2219,2150,276.9,9.9,False,0.0,0.0,0.0,0.0,0
2026-10-07T21:47:19.272,50772.0,gun_dection,-84,0,1970,97,10.1,2019,2247,2096,290.9,14.0,False,0.0,0.0,0.0,0.0,0
2026-10-07T21:47:19.285,50825.0,gun_dection,-84,0,1970,97,10.1,1957,2265,2026,313.0,22.1,False,0.0,0.0,0.0,0.0,0
2026-10-07T21:47:19.307,50889.0,gun_dection,-84,0,1968,97,10.1,1971,2283,2022,330.5,17.6,False,0.0,0.0,0.0,0.0,0
2026-10-07T21:47:19.327,50964.0,gun_dection,-84,0,1967,97,10.1,1960,2203,2005,258.0,72.6,False,0.0,0.0,0.0,0.0,0
2026-10-07T21:47:19.349,51018.0,gun_dection,-84,0,1969,97,10.1,1916,2163,1975,241.2,16.7,False,0.0,0.0,0.0,0.0,0
2026-10-07T21:47:19.355,51082.0,gun_dection,-84,0,1967,97,10.1,1886,2135,1981,226.2,15.1,False,0.0,0.0,0.0,0.0,0
2026-10-07T21:47:19.371,51135.0,gun_dection,-84,0,1971,97,10.1,1901,2149,2045,210.9,15.3,False,0.0,0.0,0.0,0.0,0
2026-10-07T21:47:19.410,51199.0,gun_dection,-84,0,1971,97,10.1,1771,2299,2240,429.9,219.0,False,0.0,0.0,0.0,0.0,0
2026-10-07T21:47:19.438,51254.0,gun_dection,-84,0,1967,97,10.1,1864,2297,2392,472.4,42.5,False,0.0,0.0,0.0,0.0,0
2026-10-07T21:47:19.439,51319.0,gun_dection,-84,0,1968,97,10.1,1749,2318,2187,440.7,31.6,False,0.0,0.0,0.0,0.0,0
2026-10-07T21:47:19.456,51374.0,gun_dection,-84,0,1967,97,10.1,1834,2367,2076,434.7,6.1,False,0.0,0.0,0.0,0.0,0
2026-10-07T21:47:19.515,51440.0,gun_dection,-84,0,1975,97,10.1,1893,2313,2019,371.4,63.3,False,0.0,0.0,0.0,0.0,0
2026-10-07T21:47:19.596,51516.0,gun_dection,-73,0,1975,97,10.1,1915,2280,1991,341.5,29.9,False,0.0,0.0,0.0,0.0,0
2026-10-07T21:47:19.644,51571.0,gun_dection,-73,0,1977,97,10.1,1913,2283,1965,352.6,11.2,False,0.0,0.0,0.0,0.0,0
2026-10-07T21:47:19.707,51635.0,gun_dection,-73,0,1971,97,10.1,1945,2249,1945,324.3,28.3,False,0.0,0.0,0.0,0.0,0
2026-10-07T21:47:19.762,51689.0,gun_dection,-73,0,1974,97,10.1,1941,2259,1946,333.4,9.0,False,0.0,0.0,0.0,0.0,0
2026-10-07T21:47:19.826,51753.0,gun_dection,-73,0,1966,97,10.1,1889,2339,2083,391.7,58.4,False,0.0,0.0,0.0,0.0,0
2026-10-07T21:47:19.879,51807.0,gun_dection,-73,0,1973,97,10.1,1839,2388,2101,453.1,61.3,False,0.0,0.0,0.0,0.0,0
2026-10-07T21:47:19.944,51871.0,gun_dection,-73,0,1972,97,10.1,1789,2323,2093,412.7,40.3,False,0.0,0.0,0.0,0.0,0
2026-10-07T21:47:20.007,51925.0,gun_dection,-73,0,1973,97,10.1,1779,2303,2124,402.0,10.7,False,0.0,0.0,0.0,0.0,0
2026-10-07T21:47:20.085,51989.0,gun_dection,-73,0,1971,97,10.1,1815,2281,2164,372.0,30.1,False,0.0,0.0,0.0,0.0,0
2026-10-07T21:47:20.140,52064.0,gun_dection,-73,0,1975,97,10.1,1761,2261,2166,383.7,11.7,False,0.0,0.0,0.0,0.0,0
2026-10-07T21:47:20.196,52119.0,gun_dection,-73,0,1973,97,10.1,1815,2184,2155,289.6,94.1,False,0.0,0.0,0.0,0.0,0
2026-10-07T21:47:20.284,52183.0,gun_dection,-73,0,1974,97,10.1,1907,2183,2148,245.1,44.4,False,0.0,0.0,0.0,0.0,0
2026-10-07T21:47:20.310,52237.0,gun_dection,-73,0,1967,97,10.1,1917,2213,2174,277.5,32.4,False,0.0,0.0,0.0,0.0,0
2026-10-07T21:47:20.393,52302.0,gun_dection,-73,0,1967,97,10.1,1774,2327,2274,463.8,186.3,False,0.0,0.0,0.0,0.0,0
2026-10-07T21:47:20.435,52358.0,gun_dection,-73,0,1973,97,10.1,1767,2411,2186,511.3,47.5,False,0.0,0.0,0.0,0.0,0
2026-10-07T21:47:20.498,52423.0,gun_dection,-73,0,1981,97,10.1,1770,2415,2121,504.8,6.5,False,0.0,0.0,0.0,0.0,0
2026-10-07T21:47:20.643,52479.0,gun_dection,-73,0,1973,97,10.1,1779,2407,2074,492.6,12.2,False,0.0,0.0,0.0,0.0,0
2026-10-07T21:47:20.647,52544.0,gun_dection,-73,0,1967,97,10.1,1819,2329,1999,413.8,78.7,False,0.0,0.0,0.0,0.0,0
2026-10-07T21:47:20.704,52619.0,gun_dection,-79,0,1974,97,10.1,1892,2291,1971,362.7,51.1,False,0.0,0.0,0.0,0.0,0
2026-10-07T21:47:20.784,52672.0,gun_dection,-79,0,1971,97,10.1,1912,2238,1939,322.8,39.9,False,0.0,0.0,0.0,0.0,0
2026-10-07T21:47:20.815,52736.0,gun_dection,-83,0,1973,97,10.1,1945,2269,1964,335.1,12.3,False,0.0,0.0,0.0,0.0,0
2026-10-07T21:47:20.862,52790.0,gun_dection,-83,0,1975,97,10.1,1947,2343,2023,390.9,55.8,False,0.0,0.0,0.0,0.0,0
2026-10-07T21:47:20.927,52854.0,gun_dection,-83,0,1974,97,10.1,1909,2268,2054,319.5,71.4,False,0.0,0.0,0.0,0.0,0
2026-10-07T21:47:21.006,52908.0,gun_dection,-83,0,1973,97,10.1,1832,2296,2039,372.3,52.8,False,0.0,0.0,0.0,0.0,0
2026-10-07T21:47:21.046,52973.0,gun_dection,-83,0,1973,97,10.1,1724,2357,2184,485.3,113.0,False,0.0,0.0,0.0,0.0,0
2026-10-07T21:47:21.121,53026.0,gun_dection,-83,0,1972,97,10.1,1763,2342,2253,472.9,12.4,False,0.0,0.0,0.0,0.0,0
2026-10-07T21:47:21.210,53090.0,gun_dection,-83,0,1973,78,8.4,1853,2212,2271,340.3,132.6,False,0.0,0.0,0.0,0.0,0
2026-10-07T21:47:21.351,53165.0,gun_dection,-83,0,1973,78,8.4,1981,2166,2205,239.9,100.4,False,0.0,0.0,0.0,0.0,0
2026-10-07T21:47:21.369,53219.0,gun_dection,-83,0,1965,78,8.4,1943,2147,2276,271.5,31.7,False,0.0,0.0,0.0,0.0,0
2026-10-07T21:47:21.373,53284.0,gun_dection,-83,0,1971,78,8.4,1756,2277,2312,452.2,180.7,False,0.0,0.0,0.0,0.0,0
2026-10-07T21:47:21.419,53339.0,gun_dection,-83,0,1979,78,8.4,1725,2345,2215,482.4,30.2,False,0.0,0.0,0.0,0.0,0
2026-10-07T21:47:21.484,53404.0,gun_dection,-83,0,1973,78,8.4,1775,2393,2143,485.0,2.6,False,0.0,0.0,0.0,0.0,0
2026-10-07T21:47:21.533,53460.0,gun_dection,-83,0,1971,78,8.4,1759,2365,2083,463.8,21.1,False,0.0,0.0,0.0,0.0,0
2026-10-07T21:47:21.595,53515.0,gun_dection,-83,0,1975,78,8.4,1787,2347,2067,435.2,28.6,False,0.0,0.0,0.0,0.0,0
2026-10-07T21:47:21.656,53579.0,gun_dection,-83,0,1973,78,8.4,1833,2297,1996,380.4,54.8,False,0.0,0.0,0.0,0.0,0
2026-10-07T21:47:21.705,53633.0,gun_dection,-83,0,1973,78,8.4,1899,2229,1955,311.2,69.2,False,0.0,0.0,0.0,0.0,0
2026-10-07T21:47:21.783,53708.0,gun_dection,-83,0,1977,78,8.4,1961,2235,1913,326.0,14.7,False,0.0,0.0,0.0,0.0,0
2026-10-07T21:47:21.845,53772.0,gun_dection,-83,0,1972,78,8.4,1893,2313,1976,381.3,55.3,False,0.0,0.0,0.0,0.0,0
2026-10-07T21:47:21.927,53826.0,gun_dection,-75,0,1973,78,8.4,1835,2269,2145,349.0,32.3,False,0.0,0.0,0.0,0.0,0
2026-10-07T21:47:21.976,53890.0,gun_dection,-75,0,1973,78,8.4,1853,2253,2110,322.7,26.3,False,0.0,0.0,0.0,0.0,0
2026-10-07T21:47:22.016,53944.0,gun_dection,-75,0,1974,78,8.4,1797,2283,2237,403.7,81.0,False,0.0,0.0,0.0,0.0,0
2026-10-07T21:47:22.163,54008.0,gun_dection,-75,0,1973,78,8.4,1879,2264,2299,387.3,16.3,False,0.0,0.0,0.0,0.0,0
2026-10-07T21:47:22.200,54062.0,gun_dection,-75,0,1966,78,8.4,1881,2190,2223,288.2,99.1,False,0.0,0.0,0.0,0.0,0
2026-10-07T21:47:22.231,54126.0,gun_dection,-75,0,1973,78,8.4,1899,2187,2252,295.3,7.1,False,0.0,0.0,0.0,0.0,0
2026-10-07T21:47:22.271,54180.0,gun_dection,-75,0,1975,78,8.4,1963,2189,2217,266.5,28.8,False,0.0,0.0,0.0,0.0,0
2026-10-07T21:47:22.333,54255.0,gun_dection,-75,0,1979,78,8.4,1775,2333,2227,451.2,184.7,False,0.0,0.0,0.0,0.0,0
2026-10-07T21:47:22.410,54321.0,gun_dection,-75,0,1971,78,8.4,1741,2374,2153,485.4,34.2,False,0.0,0.0,0.0,0.0,0
2026-10-07T21:47:22.455,54376.0,gun_dection,-75,0,1972,78,8.4,1799,2339,2085,422.4,63.0,False,0.0,0.0,0.0,0.0,0
2026-10-07T21:47:22.519,54442.0,gun_dection,-75,0,1975,78,8.4,1813,2319,2053,399.5,22.8,False,0.0,0.0,0.0,0.0,0
2026-10-07T21:47:22.571,54497.0,gun_dection,-75,0,1973,78,8.4,1819,2301,2031,383.2,16.3,False,0.0,0.0,0.0,0.0,0
2026-10-07T21:47:22.637,54562.0,gun_dection,-75,0,1963,78,8.4,1863,2281,1990,356.6,26.6,False,0.0,0.0,0.0,0.0,0
2026-10-07T21:47:22.688,54616.0,gun_dection,-75,0,1973,78,8.4,1917,2227,1961,302.6,54.0,False,0.0,0.0,0.0,0.0,0
2026-10-07T21:47:22.753,54680.0,gun_dection,-75,0,1981,78,8.4,1956,2182,2041,229.1,73.5,False,0.0,0.0,0.0,0.0,0
2026-10-07T21:47:22.855,54755.0,gun_dection,-75,0,1973,78,8.4,1999,2214,2059,257.2,28.0,False,0.0,0.0,0.0,0.0,0
2026-10-07T21:47:22.950,54809.0,gun_dection,-75,0,1968,78,8.4,1979,2156,2123,201.1,56.0,False,0.0,0.0,0.0,0.0,0
2026-10-07T21:47:22.953,54873.0,gun_dection,-75,0,1966,78,8.4,1971,2071,2119,118.1,83.0,False,0.0,0.0,0.0,0.0,0
2026-10-07T21:47:22.999,54927.0,gun_dection,-75,0,1977,78,8.4,1907,2085,2109,149.3,31.2,False,0.0,0.0,0.0,0.0,0
2026-10-07T21:47:23.079,54991.0,gun_dection,-75,0,1973,78,8.4,1883,2024,2217,178.2,28.9,False,0.0,0.0,0.0,0.0,0
2026-10-07T21:47:23.142,55045.0,gun_dection,-75,0,1973,78,8.4,1897,2054,2253,211.7,33.5,False,0.0,0.0,0.0,0.0,0
2026-10-07T21:47:23.192,55109.0,gun_dection,-75,0,1971,78,8.4,1907,2041,2198,159.3,52.4,False,0.0,0.0,0.0,0.0,0
2026-10-07T21:47:23.235,55163.0,gun_dection,-75,0,1971,78,8.4,1877,2065,2257,228.5,69.2,False,0.0,0.0,0.0,0.0,0
2026-10-07T21:47:23.302,55227.0,gun_dection,-75,0,1971,78,8.4,1848,2181,2326,354.8,126.3,False,0.0,0.0,0.0,0.0,0
2026-10-07T21:47:23.377,55303.0,gun_dection,-75,0,1967,78,8.4,1867,2167,2172,253.9,101.0,False,0.0,0.0,0.0,0.0,0
2026-10-07T21:47:23.433,55358.0,gun_dection,-75,0,1971,78,8.4,1892,2191,2073,249.7,4.2,False,0.0,0.0,0.0,0.0,0
2026-10-07T21:47:23.487,55414.0,gun_dection,-75,0,1971,78,8.4,1912,2188,2011,251.0,1.3,False,0.0,0.0,0.0,0.0,0
2026-10-07T21:47:23.556,55479.0,gun_dection,-75,0,1970,78,8.4,1926,2247,2008,303.7,52.7,False,0.0,0.0,0.0,0.0,0
2026-10-07T21:47:23.614,55534.0,gun_dection,-75,0,1971,78,8.4,1961,2231,2023,280.1,23.6,False,0.0,0.0,0.0,0.0,0
2026-10-07T21:47:23.730,55598.0,gun_dection,-75,0,1973,78,8.4,1951,2201,1991,261.7,18.4,False,0.0,0.0,0.0,0.0,0
2026-10-07T21:47:23.738,55652.0,gun_dection,-75,0,1967,78,8.4,1994,2279,2037,324.1,62.4,False,0.0,0.0,0.0,0.0,0
2026-10-07T21:47:23.788,55716.0,gun_dection,-75,0,1971,78,8.4,1879,2194,2233,297.0,27.1,False,0.0,0.0,0.0,0.0,0
2026-10-07T21:47:23.842,55770.0,gun_dection,-75,0,1971,78,8.4,1926,2121,2181,197.2,99.8,False,0.0,0.0,0.0,0.0,0
2026-10-07T21:47:23.917,55845.0,gun_dection,-75,0,1977,78,8.4,1961,2071,2069,115.5,81.7,False,0.0,0.0,0.0,0.0,0
2026-10-07T21:47:23.985,55909.0,gun_dection,-75,0,1972,78,8.4,1913,2039,2094,106.8,8.7,False,0.0,0.0,0.0,0.0,0
2026-10-07T21:47:24.036,55963.0,gun_dection,-75,0,1967,78,8.4,1751,1945,2166,245.9,139.2,False,0.0,0.0,0.0,0.0,0
2026-10-07T21:47:24.118,56027.0,gun_dection,-75,0,1983,78,8.4,1871,2021,2274,228.6,17.3,False,0.0,0.0,0.0,0.0,0
2026-10-07T21:47:24.154,56081.0,gun_dection,-75,0,1971,78,8.4,1879,2037,2377,320.1,91.5,False,0.0,0.0,0.0,0.0,0
2026-10-07T21:47:24.219,56146.0,gun_dection,-75,0,1995,78,8.4,1863,2204,2377,400.1,80.0,False,0.0,0.0,0.0,0.0,0
2026-10-07T21:47:24.276,56200.0,gun_dection,-75,0,1973,78,8.4,1846,2223,2227,330.0,70.1,False,0.0,0.0,0.0,0.0,0
2026-10-07T21:47:24.346,56264.0,gun_dection,-75,0,1968,78,8.4,1881,2211,2075,272.2,57.7,False,0.0,0.0,0.0,0.0,0
2026-10-07T21:47:24.398,56319.0,gun_dection,-75,0,1967,78,8.4,1893,2213,1993,284.8,12.6,False,0.0,0.0,0.0,0.0,0
2026-10-07T21:47:24.483,56395.0,gun_dection,-77,0,1970,78,8.4,1926,2201,1965,276.1,8.7,False,0.0,0.0,0.0,0.0,0
2026-10-07T21:47:24.526,56451.0,gun_dection,-77,0,1968,78,8.4,1929,2205,1965,279.0,2.9,False,0.0,0.0,0.0,0.0,0
2026-10-07T21:47:24.590,56516.0,gun_dection,-77,0,1975,78,8.4,1955,2203,2005,258.5,20.6,False,0.0,0.0,0.0,0.0,0
2026-10-07T21:47:24.643,56571.0,gun_dection,-77,0,1975,78,8.4,2009,2218,2221,294.3,35.8,False,0.0,0.0,0.0,0.0,0
2026-10-07T21:47:24.709,56635.0,gun_dection,-77,0,1984,78,8.4,2014,2138,2264,255.7,38.6,False,0.0,0.0,0.0,0.0,0
2026-10-07T21:47:24.764,56689.0,gun_dection,-77,0,1972,78,8.4,2017,2053,2143,116.2,139.5,False,0.0,0.0,0.0,0.0,0
2026-10-07T21:47:24.833,56753.0,gun_dection,-77,0,1965,78,8.4,1981,2031,2008,105.3,10.9,False,0.0,0.0,0.0,0.0,0
2026-10-07T21:47:24.884,56807.0,gun_dection,-67,0,1971,78,8.4,1933,1997,2063,66.3,39.0,False,0.0,0.0,0.0,0.0,0
2026-10-07T21:47:24.944,56871.0,gun_dection,-67,0,1982,78,8.4,1899,1880,2188,154.6,88.3,False,0.0,0.0,0.0,0.0,0
2026-10-07T21:47:25.022,56946.0,gun_dection,-67,0,1971,78,8.4,1837,1879,2172,187.6,33.0,False,0.0,0.0,0.0,0.0,0
2026-10-07T21:47:25.075,57000.0,gun_dection,-67,0,1971,78,8.4,1870,1907,2220,183.6,4.0,False,0.0,0.0,0.0,0.0,0
2026-10-07T21:47:25.138,57064.0,gun_dection,-67,0,1977,78,8.4,1836,2019,2437,386.5,202.9,False,0.0,0.0,0.0,0.0,0
2026-10-07T21:47:25.191,57118.0,gun_dection,-67,0,1973,78,8.4,1829,2135,2316,329.0,57.5,False,0.0,0.0,0.0,0.0,0
2026-10-07T21:47:25.261,57183.0,gun_dection,-67,0,1972,78,8.4,1894,2159,2087,219.0,110.0,False,0.0,0.0,0.0,0.0,0
2026-10-07T21:47:25.311,57237.0,gun_dection,-67,0,1971,78,8.4,1926,2156,1995,223.9,4.9,False,0.0,0.0,0.0,0.0,0
2026-10-07T21:47:25.401,57302.0,gun_dection,-67,0,1973,78,8.4,1945,2149,1957,232.1,8.2,False,0.0,0.0,0.0,0.0,0
2026-10-07T21:47:25.438,57357.0,gun_dection,-67,0,1975,78,8.4,1973,2146,1975,217.1,14.9,False,0.0,0.0,0.0,0.0,0
2026-10-07T21:47:25.486,57412.0,gun_dection,-63,0,1971,78,8.4,1979,2166,2071,207.8,9.4,False,0.0,0.0,0.0,0.0,0
2026-10-07T21:47:25.567,57489.0,gun_dection,-63,0,1967,78,8.4,2028,2226,2079,271.2,63.4,False,0.0,0.0,0.0,0.0,0
2026-10-07T21:47:25.637,57554.0,gun_dection,-63,0,1971,78,8.4,1994,2218,2271,319.6,48.4,False,0.0,0.0,0.0,0.0,0
2026-10-07T21:47:25.684,57608.0,gun_dection,-63,0,1971,78,8.4,1933,2121,2223,219.1,100.6,False,0.0,0.0,0.0,0.0,0
2026-10-07T21:47:25.746,57672.0,gun_dection,-63,0,1975,78,8.4,1995,2053,2087,95.2,123.9,False,0.0,0.0,0.0,0.0,0
2026-10-07T21:47:25.800,57726.0,gun_dection,-63,0,1972,78,8.4,1977,2025,2058,71.6,23.6,False,0.0,0.0,0.0,0.0,0
2026-10-07T21:47:25.866,57790.0,gun_dection,-63,0,1963,78,8.4,1983,1959,2091,6.6,65.0,False,0.0,0.0,0.0,0.0,0
2026-10-07T21:47:25.918,57844.0,gun_dection,-63,0,1972,78,8.4,1952,1899,2203,136.3,129.7,False,0.0,0.0,0.0,0.0,0
2026-10-07T21:47:25.995,57908.0,gun_dection,-63,0,1991,78,8.4,1883,1919,2277,220.4,84.1,False,0.0,0.0,0.0,0.0,0
2026-10-07T21:47:26.038,57962.0,gun_dection,-63,0,1973,32,5.2,1851,1949,2277,233.4,13.0,False,0.0,0.0,0.0,0.0,0
2026-10-07T21:47:26.112,58037.0,gun_dection,-63,0,1972,32,5.2,1835,2088,2291,284.8,51.4,False,0.0,0.0,0.0,0.0,0
2026-10-07T21:47:26.178,58101.0,gun_dection,-63,0,1971,32,5.2,1867,2118,2133,202.6,82.2,False,0.0,0.0,0.0,0.0,0
2026-10-07T21:47:26.230,58155.0,gun_dection,-63,0,1972,32,5.2,1929,2165,2029,220.1,17.5,False,0.0,0.0,0.0,0.0,0
2026-10-07T21:47:26.295,58219.0,gun_dection,-63,0,1966,32,5.2,1960,2173,1972,242.9,22.8,False,0.0,0.0,0.0,0.0,0
2026-10-07T21:47:26.348,58274.0,gun_dection,-63,0,1971,32,5.2,1998,2184,1995,242.8,0.2,False,0.0,0.0,0.0,0.0,0
2026-10-07T21:47:26.404,58330.0,gun_dection,-63,0,1967,32,5.2,1995,2187,2063,229.5,13.3,False,0.0,0.0,0.0,0.0,0
2026-10-07T21:47:26.469,58395.0,gun_dection,-63,0,1976,32,5.2,2017,2195,2131,243.2,13.7,False,0.0,0.0,0.0,0.0,0
2026-10-07T21:47:26.527,58450.0,gun_dection,-63,0,1971,32,5.2,1949,2183,2277,297.4,54.3,False,0.0,0.0,0.0,0.0,0
2026-10-07T21:47:26.579,58505.0,gun_dection,-63,0,1971,32,5.2,1973,2117,2245,225.6,71.8,False,0.0,0.0,0.0,0.0,0
2026-10-07T21:47:26.678,58591.0,gun_dection,-67,0,1973,32,5.2,1957,2039,2029,100.7,124.9,False,0.0,0.0,0.0,0.0,0
2026-10-07T21:47:26.717,58645.0,gun_dection,-67,0,1975,32,5.2,1963,1979,2066,33.6,67.2,False,0.0,0.0,0.0,0.0,0
2026-10-07T21:47:26.782,58709.0,gun_dection,-67,0,1977,32,5.2,1941,1913,2067,64.2,30.7,False,0.0,0.0,0.0,0.0,0
2026-10-07T21:47:26.835,58763.0,gun_dection,-67,0,1968,32,5.2,1983,1863,2100,97.1,32.8,False,0.0,0.0,0.0,0.0,0
2026-10-07T21:47:26.903,58827.0,gun_dection,-67,0,1976,32,5.2,1911,1875,2149,127.7,30.6,False,0.0,0.0,0.0,0.0,0
2026-10-07T21:47:26.954,58881.0,gun_dection,-67,0,1972,32,5.2,1801,1863,2363,346.0,218.4,False,0.0,0.0,0.0,0.0,0
2026-10-07T21:47:27.019,58945.0,gun_dection,-67,0,1975,32,5.2,1819,2019,2321,293.8,52.2,False,0.0,0.0,0.0,0.0,0
2026-10-07T21:47:27.086,58999.0,gun_dection,-67,0,1971,32,5.2,1837,2086,2201,225.7,68.1,False,0.0,0.0,0.0,0.0,0
2026-10-07T21:47:27.138,59063.0,gun_dection,-67,0,1967,32,5.2,1898,2131,2019,202.6,23.1,False,0.0,0.0,0.0,0.0,0
2026-10-07T21:47:27.214,59138.0,gun_dection,-67,0,1972,32,5.2,1949,2141,1961,222.6,19.9,False,0.0,0.0,0.0,0.0,0
2026-10-07T21:47:27.265,59192.0,gun_dection,-67,0,1971,32,5.2,1967,2117,1958,203.1,19.5,False,0.0,0.0,0.0,0.0,0
2026-10-07T21:47:27.331,59257.0,gun_dection,-67,0,1968,32,5.2,1931,2147,2092,195.3,7.8,False,0.0,0.0,0.0,0.0,0
2026-10-07T21:47:27.388,59312.0,gun_dection,-67,0,1967,32,5.2,2063,2203,2131,261.4,66.1,False,0.0,0.0,0.0,0.0,0
2026-10-07T21:47:27.453,59367.0,gun_dection,-67,0,1971,32,5.2,2007,2219,2248,308.4,47.0,False,0.0,0.0,0.0,0.0,0
2026-10-07T21:47:27.507,59432.0,gun_dection,-67,0,1971,32,5.2,1928,2149,2215,237.1,71.3,False,0.0,0.0,0.0,0.0,0
2026-10-07T21:47:27.564,59488.0,gun_dection,-67,0,1971,32,5.2,1911,2083,2060,145.3,91.8,False,0.0,0.0,0.0,0.0,0
2026-10-07T21:47:27.628,59553.0,gun_dection,-67,0,1968,32,5.2,1957,2040,2063,87.7,57.6,False,0.0,0.0,0.0,0.0,0
2026-10-07T21:47:27.685,59607.0,gun_dection,-67,0,1973,32,5.2,1951,1992,2085,45.6,42.2,False,0.0,0.0,0.0,0.0,0
2026-10-07T21:47:27.756,59682.0,gun_dection,-72,0,1971,32,5.2,1961,1940,2123,48.1,2.5,False,0.0,0.0,0.0,0.0,0
2026-10-07T21:47:27.818,59746.0,gun_dection,-72,0,1965,32,5.2,1879,1963,2277,218.6,170.5,False,0.0,0.0,0.0,0.0,0
2026-10-07T21:47:27.880,59800.0,gun_dection,-72,0,1973,32,5.2,1871,2037,2227,197.0,21.6,False,0.0,0.0,0.0,0.0,0
2026-10-07T21:47:27.967,59864.0,gun_dection,-72,0,1967,32,5.2,1849,2126,2344,336.2,139.2,False,0.0,0.0,0.0,0.0,0
2026-10-07T21:47:27.993,59918.0,gun_dection,-72,0,1971,32,5.2,1832,2165,2299,333.3,2.9,False,0.0,0.0,0.0,0.0,0
2026-10-07T21:47:28.061,59982.0,gun_dection,-72,0,1971,32,5.2,1875,2149,2157,230.0,103.3,False,0.0,0.0,0.0,0.0,0
2026-10-07T21:47:28.108,60036.0,gun_dection,-72,0,1971,32,5.2,1907,2164,2020,227.7,2.3,False,0.0,0.0,0.0,0.0,0
2026-10-07T21:47:28.175,60100.0,gun_dection,-72,0,1975,32,5.2,1925,2155,1973,232.6,4.9,False,0.0,0.0,0.0,0.0,0
2026-10-07T21:47:28.231,60154.0,gun_dection,-72,0,1971,32,5.2,1946,2102,1993,173.5,59.1,False,0.0,0.0,0.0,0.0,0
2026-10-07T21:47:28.303,60229.0,gun_dection,-72,0,1971,32,5.2,1960,2059,2003,130.8,42.7,False,0.0,0.0,0.0,0.0,0
2026-10-07T21:47:28.370,60294.0,gun_dection,-72,0,1971,32,5.2,1959,2072,2063,117.4,13.5,False,0.0,0.0,0.0,0.0,0
2026-10-07T21:47:28.423,60350.0,gun_dection,-72,0,1971,32,5.2,1933,2095,2173,169.7,52.3,False,0.0,0.0,0.0,0.0,0
2026-10-07T21:47:28.481,60405.0,gun_dection,-72,0,1971,32,5.2,2119,2180,2479,472.5,302.9,False,0.0,0.0,0.0,0.0,0
2026-10-07T21:47:28.545,60470.0,gun_dection,-72,0,1990,32,5.2,1896,2035,2073,115.5,357.0,False,0.0,0.0,0.0,0.0,0
2026-10-07T21:47:28.598,60526.0,gun_dection,-72,0,1971,32,5.2,1843,1961,2141,150.3,34.8,False,0.0,0.0,0.0,0.0,0
2026-10-07T21:47:28.662,60590.0,gun_dection,-72,0,1971,32,5.2,1951,2056,2119,107.7,42.7,False,0.0,0.0,0.0,0.0,0
2026-10-07T21:47:28.719,60643.0,gun_dection,-72,0,1972,32,5.2,1879,1960,2067,104.7,3.0,False,0.0,0.0,0.0,0.0,0
2026-10-07T21:47:28.782,60707.0,gun_dection,-72,0,1973,32,5.2,1827,1984,2120,161.2,56.5,False,0.0,0.0,0.0,0.0,0
2026-10-07T21:47:28.855,60782.0,gun_dection,-72,0,1967,32,5.2,1879,2008,2093,114.6,46.6,False,0.0,0.0,0.0,0.0,0
2026-10-07T21:47:28.909,60836.0,gun_dection,-58,0,1971,32,5.2,1931,1983,2063,60.5,54.1,False,0.0,0.0,0.0,0.0,0
2026-10-07T21:47:28.973,60900.0,gun_dection,-58,0,1963,32,5.2,1919,2089,2091,144.7,84.2,False,0.0,0.0,0.0,0.0,0
2026-10-07T21:47:29.031,60954.0,gun_dection,-58,0,1971,32,5.2,1901,2093,2087,156.7,12.0,False,0.0,0.0,0.0,0.0,0
2026-10-07T21:47:29.092,61018.0,gun_dection,-58,0,1973,32,5.2,1947,2200,2092,243.6,87.0,False,0.0,0.0,0.0,0.0,0
2026-10-07T21:47:29.146,61072.0,gun_dection,-58,0,1967,32,5.2,1847,2216,2019,297.6,54.0,False,0.0,0.0,0.0,0.0,0
2026-10-07T21:47:29.214,61136.0,gun_dection,-67,0,1967,32,5.2,1829,2201,2011,295.6,2.0,False,0.0,0.0,0.0,0.0,0
2026-10-07T21:47:29.274,61190.0,gun_dection,-67,0,1967,32,5.2,1885,2359,2107,412.2,116.6,False,0.0,0.0,0.0,0.0,0
2026-10-07T21:47:29.330,61255.0,gun_dection,-67,0,1960,32,5.2,1914,2301,2095,348.9,63.4,False,0.0,0.0,0.0,0.0,0
2026-10-07T21:47:29.409,61331.0,gun_dection,-67,0,1967,32,5.2,1845,2325,1972,406.7,57.8,False,0.0,0.0,0.0,0.0,0
2026-10-07T21:47:29.465,61387.0,gun_dection,-67,0,1971,32,5.2,1861,2187,2027,264.5,142.2,False,0.0,0.0,0.0,0.0,0
2026-10-07T21:47:29.518,61442.0,gun_dection,-67,0,1967,32,5.2,1914,2172,1983,245.5,19.0,False,0.0,0.0,0.0,0.0,0
2026-10-07T21:47:29.581,61507.0,gun_dection,-67,0,1971,32,5.2,1907,2167,2055,223.1,22.4,False,0.0,0.0,0.0,0.0,0
2026-10-07T21:47:29.638,61562.0,gun_dection,-67,0,1971,32,5.2,1863,2174,2077,245.9,22.8,False,0.0,0.0,0.0,0.0,0
2026-10-07T21:47:29.704,61626.0,gun_dection,-67,0,1972,32,5.2,1927,2163,2091,211.4,34.5,False,0.0,0.0,0.0,0.0,0
2026-10-07T21:47:29.756,61680.0,gun_dection,-67,0,1971,32,5.2,1933,2133,2071,181.3,30.1,False,0.0,0.0,0.0,0.0,0
2026-10-07T21:47:29.822,61744.0,gun_dection,-67,0,1971,32,5.2,1951,2158,2121,204.7,23.4,False,0.0,0.0,0.0,0.0,0
2026-10-07T21:47:29.881,61798.0,gun_dection,-67,0,1972,32,5.2,1845,2185,2183,282.2,77.4,False,0.0,0.0,0.0,0.0,0
2026-10-07T21:47:29.953,61873.0,gun_dection,-67,0,1971,32,5.2,1854,2235,2217,331.9,49.8,False,0.0,0.0,0.0,0.0,0
2026-10-07T21:47:30.011,61937.0,gun_dection,-57,0,1972,32,5.2,1843,2237,2023,316.8,15.1,False,0.0,0.0,0.0,0.0,0
2026-10-07T21:47:30.072,61991.0,gun_dection,-57,0,1971,32,5.2,1867,2203,1974,291.5,25.4,False,0.0,0.0,0.0,0.0,0
2026-10-07T21:47:30.131,62055.0,gun_dection,-57,0,1973,32,5.2,1854,2197,1988,286.9,4.5,False,0.0,0.0,0.0,0.0,0
2026-10-07T21:47:30.183,62109.0,gun_dection,-57,0,1973,32,5.2,1871,2249,2055,311.9,25.0,False,0.0,0.0,0.0,0.0,0
2026-10-07T21:47:30.252,62173.0,gun_dection,-57,0,1971,32,5.2,1892,2259,2057,314.4,2.5,False,0.0,0.0,0.0,0.0,0
2026-10-07T21:47:30.301,62227.0,gun_dection,-57,0,1967,32,5.2,1927,2293,2023,344.0,29.6,False,0.0,0.0,0.0,0.0,0
2026-10-07T21:47:30.363,62282.0,gun_dection,-57,0,1973,32,5.2,1941,2236,1971,302.1,41.9,False,0.0,0.0,0.0,0.0,0
2026-10-07T21:47:30.422,62347.0,gun_dection,-57,0,1959,32,5.2,1896,2167,2022,233.6,68.5,False,0.0,0.0,0.0,0.0,0
2026-10-07T21:47:30.518,62424.0,gun_dection,-57,0,1971,32,5.2,1899,2119,2079,180.4,53.2,False,0.0,0.0,0.0,0.0,0
2026-10-07T21:47:30.554,62479.0,gun_dection,-57,0,1971,32,5.2,1879,2116,2124,192.0,11.6,False,0.0,0.0,0.0,0.0,0
2026-10-07T21:47:30.623,62544.0,gun_dection,-57,0,1971,32,5.2,1913,2075,2204,180.4,11.5,False,0.0,0.0,0.0,0.0,0
2026-10-07T21:47:30.672,62599.0,gun_dection,-57,0,1967,32,5.2,1945,2069,2199,163.2,17.3,False,0.0,0.0,0.0,0.0,0
2026-10-07T21:47:30.736,62663.0,gun_dection,-57,0,1978,32,5.2,1919,2074,2155,149.0,14.2,False,0.0,0.0,0.0,0.0,0
2026-10-07T21:47:30.802,62717.0,gun_dection,-57,0,1967,32,5.2,1899,2056,2169,153.3,4.3,False,0.0,0.0,0.0,0.0,0
2026-10-07T21:47:30.851,62781.0,gun_dection,-57,0,1967,32,5.2,1894,2088,2239,219.8,66.6,False,0.0,0.0,0.0,0.0,0
2026-10-07T21:47:30.907,62835.0,gun_dection,-57,0,1971,31,3.9,1849,2167,2255,300.2,80.3,False,0.0,0.0,0.0,0.0,0
2026-10-07T21:47:30.969,62899.0,gun_dection,-57,0,1973,31,3.9,1867,2175,2191,267.0,33.2,False,0.0,0.0,0.0,0.0,0
2026-10-07T21:47:31.044,62974.0,gun_dection,-57,0,1967,31,3.9,1869,2163,2053,235.3,31.6,False,0.0,0.0,0.0,0.0,0
2026-10-07T21:47:31.102,63028.0,gun_dection,-57,0,1974,31,3.9,1883,2165,2010,240.4,5.0,False,0.0,0.0,0.0,0.0,0
2026-10-07T21:47:31.164,63092.0,gun_dection,-58,0,1972,31,3.9,1871,2151,2039,226.4,14.0,False,0.0,0.0,0.0,0.0,0
2026-10-07T21:47:31.216,63146.0,gun_dection,-58,0,1967,31,3.9,1903,2189,2089,243.3,16.8,False,0.0,0.0,0.0,0.0,0
2026-10-07T21:47:31.282,63210.0,gun_dection,-58,0,1970,31,3.9,1957,2204,2053,248.2,5.0,False,0.0,0.0,0.0,0.0,0
2026-10-07T21:47:31.341,63265.0,gun_dection,-58,0,1971,31,3.9,2025,2207,2029,257.7,9.4,False,0.0,0.0,0.0,0.0,0
2026-10-07T21:47:31.393,63320.0,gun_dection,-58,0,1971,31,3.9,2063,2231,2075,283.9,26.2,False,0.0,0.0,0.0,0.0,0
2026-10-07T21:47:31.465,63386.0,gun_dection,-58,0,1967,31,3.9,1945,2165,2174,227.7,56.2,False,0.0,0.0,0.0,0.0,0
2026-10-07T21:47:31.513,63441.0,gun_dection,-58,0,1971,31,3.9,1995,2098,2189,174.5,53.2,False,0.0,0.0,0.0,0.0,0
2026-10-07T21:47:31.592,63518.0,gun_dection,-58,0,1971,31,3.9,2003,2066,2055,112.9,61.6,False,0.0,0.0,0.0,0.0,0
2026-10-07T21:47:31.642,63573.0,gun_dection,-58,0,1973,31,3.9,2023,2037,2095,88.7,24.2,False,0.0,0.0,0.0,0.0,0
2026-10-07T21:47:31.712,63637.0,gun_dection,-58,0,1971,31,3.9,2024,2057,2169,135.9,47.3,False,0.0,0.0,0.0,0.0,0
2026-10-07T21:47:31.760,63691.0,gun_dection,-58,0,1976,31,3.9,1997,2043,2213,154.3,18.3,False,0.0,0.0,0.0,0.0,0
2026-10-07T21:47:31.826,63755.0,gun_dection,-58,0,1966,31,3.9,1885,2035,2190,162.4,8.1,False,0.0,0.0,0.0,0.0,0
2026-10-07T21:47:31.884,63809.0,gun_dection,-58,0,1973,31,3.9,1901,2069,2227,197.5,35.1,False,0.0,0.0,0.0,0.0,0
2026-10-07T21:47:31.943,63873.0,gun_dection,-58,0,1972,31,3.9,1865,2107,2259,257.1,59.6,False,0.0,0.0,0.0,0.0,0
2026-10-07T21:47:32.003,63927.0,gun_dection,-58,0,1967,31,3.9,1899,2115,2157,191.0,66.1,False,0.0,0.0,0.0,0.0,0
2026-10-07T21:47:32.063,63991.0,gun_dection,-58,0,1967,31,3.9,1908,2135,2019,201.7,10.7,False,0.0,0.0,0.0,0.0,0
2026-10-07T21:47:32.137,64066.0,gun_dection,-58,0,1971,31,3.9,1911,2159,2020,221.7,20.0,False,0.0,0.0,0.0,0.0,0
2026-10-07T21:47:32.190,64120.0,gun_dection,-58,0,1967,31,3.9,1901,2172,2063,228.8,7.1,False,0.0,0.0,0.0,0.0,0
2026-10-07T21:47:32.254,64184.0,gun_dection,-58,0,1967,31,3.9,1941,2163,2073,208.3,20.5,False,0.0,0.0,0.0,0.0,0
2026-10-07T21:47:32.311,64238.0,gun_dection,-58,0,1967,31,3.9,2011,2211,2077,253.6,45.3,False,0.0,0.0,0.0,0.0,0
2026-10-07T21:47:32.365,64294.0,gun_dection,-58,0,1968,31,3.9,2005,2221,2103,263.5,9.9,False,0.0,0.0,0.0,0.0,0
2026-10-07T21:47:32.446,64359.0,gun_dection,-58,0,1967,31,3.9,1977,2157,2171,216.0,47.4,False,0.0,0.0,0.0,0.0,0
2026-10-07T21:47:32.490,64415.0,gun_dection,-58,0,1968,31,3.9,1972,2095,2093,136.5,79.6,False,0.0,0.0,0.0,0.0,0
2026-10-07T21:47:32.552,64470.0,gun_dection,-58,0,1967,31,3.9,1976,2077,2055,121.6,14.9,False,0.0,0.0,0.0,0.0,0
2026-10-07T21:47:32.606,64535.0,gun_dection,-58,0,1971,31,3.9,1927,1991,2133,80.2,41.4,False,0.0,0.0,0.0,0.0,0
2026-10-07T21:47:32.682,64610.0,gun_dection,-58,0,1967,31,3.9,1971,1929,2147,70.4,9.8,False,0.0,0.0,0.0,0.0,0
2026-10-07T21:47:32.736,64665.0,gun_dection,-58,0,1967,31,3.9,1957,1955,2119,42.8,27.6,False,0.0,0.0,0.0,0.0,0
2026-10-07T21:47:32.799,64729.0,gun_dection,-58,0,1972,31,3.9,1911,2012,2259,195.5,152.7,False,0.0,0.0,0.0,0.0,0
2026-10-07T21:47:32.855,64783.0,gun_dection,-58,0,1967,31,3.9,1909,2055,2277,227.0,31.4,False,0.0,0.0,0.0,0.0,0
2026-10-07T21:47:32.920,64847.0,gun_dection,-58,0,1965,31,3.9,1933,2085,2079,135.2,91.8,False,0.0,0.0,0.0,0.0,0
2026-10-07T21:47:32.974,64901.0,gun_dection,-58,0,1968,31,3.9,1951,2083,1979,165.7,30.5,False,0.0,0.0,0.0,0.0,0
2026-10-07T21:47:33.035,64965.0,gun_dection,-58,0,1971,31,3.9,1980,2116,1963,198.5,32.8,False,0.0,0.0,0.0,0.0,0
2026-10-07T21:47:33.093,65019.0,gun_dection,-58,0,1971,31,3.9,1928,2156,2077,204.3,5.8,False,0.0,0.0,0.0,0.0,0
2026-10-07T21:47:33.155,65083.0,gun_dection,-58,0,1963,31,3.9,1951,2169,2089,212.2,7.9,False,0.0,0.0,0.0,0.0,0
2026-10-07T21:47:33.230,65158.0,gun_dection,-58,0,1971,31,3.9,2038,2211,2085,258.0,45.8,False,0.0,0.0,0.0,0.0,0
2026-10-07T21:47:33.283,65212.0,gun_dection,-58,0,1967,31,3.9,1846,2165,2155,256.6,1.4,False,0.0,0.0,0.0,0.0,0
2026-10-07T21:47:33.349,65277.0,gun_dection,-58,0,1971,31,3.9,1912,2101,2313,277.8,21.2,False,0.0,0.0,0.0,0.0,0
2026-10-07T21:47:33.404,65332.0,gun_dection,-58,0,1972,31,3.9,2021,2091,2134,146.1,131.7,False,0.0,0.0,0.0,0.0,0
2026-10-07T21:47:33.459,65388.0,gun_dection,-58,0,1971,31,3.9,1982,2063,1996,136.5,9.5,False,0.0,0.0,0.0,0.0,0
2026-10-07T21:47:33.528,65453.0,gun_dection,-58,0,1971,31,3.9,1967,2025,2052,75.0,61.5,False,0.0,0.0,0.0,0.0,0
2026-10-07T21:47:33.578,65509.0,gun_dection,-58,0,1977,31,3.9,1972,2008,2163,92.9,17.9,False,0.0,0.0,0.0,0.0,0
2026-10-07T21:47:33.646,65573.0,gun_dection,-58,0,1967,31,3.9,1995,1959,2125,42.5,50.4,False,0.0,0.0,0.0,0.0,0
2026-10-07T21:47:33.717,65627.0,gun_dection,-58,0,1971,31,3.9,1919,1933,2169,108.5,66.1,False,0.0,0.0,0.0,0.0,0
2026-10-07T21:47:33.776,65702.0,gun_dection,-58,0,1972,31,3.9,1853,2019,2374,322.4,213.9,False,0.0,0.0,0.0,0.0,0
2026-10-07T21:47:33.838,65766.0,gun_dection,-58,0,1967,31,3.9,1878,2087,2200,201.1,121.3,False,0.0,0.0,0.0,0.0,0
2026-10-07T21:47:33.890,65820.0,gun_dection,-58,0,1967,31,3.9,1894,2118,2055,183.9,17.2,False,0.0,0.0,0.0,0.0,0
2026-10-07T21:47:33.960,65885.0,gun_dection,-58,0,1968,31,3.9,1919,2107,1959,203.9,20.0,False,0.0,0.0,0.0,0.0,0
2026-10-07T21:47:34.013,65939.0,gun_dection,-58,0,1967,31,3.9,1897,2104,1955,212.1,8.2,False,0.0,0.0,0.0,0.0,0
2026-10-07T21:47:34.076,66003.0,gun_dection,-58,0,1972,31,3.9,1917,2125,1977,208.0,4.1,False,0.0,0.0,0.0,0.0,0
2026-10-07T21:47:34.127,66057.0,gun_dection,-58,0,1967,31,3.9,2041,2329,2019,380.1,172.1,False,0.0,0.0,0.0,0.0,0
2026-10-07T21:47:34.191,66121.0,gun_dection,-58,0,1967,31,3.9,1929,2328,2187,386.3,6.2,False,0.0,0.0,0.0,0.0,0
2026-10-07T21:47:34.246,66175.0,gun_dection,-58,0,1966,31,3.9,1913,2321,2222,393.0,6.7,False,0.0,0.0,0.0,0.0,0
2026-10-07T21:47:34.324,66250.0,gun_dection,-67,0,1973,31,3.9,1918,2170,2103,221.0,172.0,False,0.0,0.0,0.0,0.0,0
2026-10-07T21:47:34.388,66316.0,gun_dection,-67,0,1971,31,3.9,1941,2090,2041,143.8,77.2,False,0.0,0.0,0.0,0.0,0
2026-10-07T21:47:34.448,66371.0,gun_dection,-67,0,1971,31,3.9,1955,2063,2088,107.2,36.6,False,0.0,0.0,0.0,0.0,0
2026-10-07T21:47:34.497,66427.0,gun_dection,-67,0,1971,31,3.9,2005,2022,2125,78.0,29.2,False,0.0,0.0,0.0,0.0,0
2026-10-07T21:47:34.565,66492.0,gun_dection,-67,0,1967,31,3.9,2011,2013,2175,108.9,30.9,False,0.0,0.0,0.0,0.0,0
2026-10-07T21:47:34.615,66547.0,gun_dection,-67,0,1968,31,3.9,1927,2055,2207,164.7,55.8,False,0.0,0.0,0.0,0.0,0
2026-10-07T21:47:34.682,66611.0,gun_dection,-67,0,1971,31,3.9,1833,2039,2302,275.2,110.6,False,0.0,0.0,0.0,0.0,0
2026-10-07T21:47:34.739,66665.0,gun_dection,-67,0,1974,31,3.9,1817,2087,2276,283.0,7.8,False,0.0,0.0,0.0,0.0,0
2026-10-07T21:47:35.210,66729.0,gun_dection,-67,0,1968,31,3.9,1835,2115,2166,229.0,54.0,False,0.0,0.0,0.0,0.0,0
2026-10-07T21:47:35.211,66804.0,gun_dection,-67,0,1972,31,3.9,1868,2134,2031,215.4,13.6,False,0.0,0.0,0.0,0.0,0
2026-10-07T21:47:35.212,66858.0,gun_dection,-67,0,1965,31,3.9,1881,2121,2014,203.3,12.1,False,0.0,0.0,0.0,0.0,0
2026-10-07T21:47:35.213,66922.0,gun_dection,-67,0,1971,31,3.9,1883,2137,2057,205.2,1.9,False,0.0,0.0,0.0,0.0,0
2026-10-07T21:47:35.214,66976.0,gun_dection,-67,0,1973,31,3.9,2003,2153,2107,196.0,9.3,False,0.0,0.0,0.0,0.0,0
2026-10-07T21:47:35.224,67040.0,gun_dection,-67,0,1973,31,3.9,1926,2287,2035,336.0,140.1,False,0.0,0.0,0.0,0.0,0
2026-10-07T21:47:35.224,67094.0,gun_dection,-67,0,1971,31,3.9,2011,2263,2185,321.0,15.0,False,0.0,0.0,0.0,0.0,0
2026-10-07T21:47:35.242,67158.0,gun_dection,-67,0,1965,31,3.9,1967,2165,2111,207.8,113.2,False,0.0,0.0,0.0,0.0,0
2026-10-07T21:47:35.735,67212.0,gun_dection,-67,0,1970,31,3.9,1941,2107,2040,159.6,48.2,False,0.0,0.0,0.0,0.0,0
2026-10-07T21:47:35.736,67267.0,gun_dection,-67,0,1967,31,3.9,1945,2087,2055,136.1,23.4,False,0.0,0.0,0.0,0.0,0
2026-10-07T21:47:35.737,67344.0,gun_dection,-67,0,1964,31,3.9,1951,2029,2171,115.1,21.0,False,0.0,0.0,0.0,0.0,0
2026-10-07T21:47:35.737,67410.0,gun_dection,-67,0,1971,31,3.9,1959,2035,2187,129.2,14.1,False,0.0,0.0,0.0,0.0,0
2026-10-07T21:47:35.738,67465.0,gun_dection,-59,0,1968,31,3.9,1951,2059,2163,130.4,1.2,False,0.0,0.0,0.0,0.0,0
2026-10-07T21:47:35.738,67521.0,gun_dection,-59,0,1971,31,3.9,1874,2079,2183,188.8,58.4,False,0.0,0.0,0.0,0.0,0
2026-10-07T21:47:35.739,67585.0,gun_dection,-59,0,1972,31,3.9,1868,2111,2299,286.2,97.4,False,0.0,0.0,0.0,0.0,0
2026-10-07T21:47:35.739,67639.0,gun_dection,-59,0,1971,31,3.9,1901,2091,2171,177.0,109.2,False,0.0,0.0,0.0,0.0,0
2026-10-07T21:47:35.776,67703.0,gun_dection,-59,0,1965,14,2.8,1933,2104,2021,165.4,11.6,False,0.0,0.0,0.0,0.0,0
2026-10-07T21:47:36.243,67757.0,gun_dection,-59,0,1967,14,2.8,1951,2109,1979,185.8,20.3,False,0.0,0.0,0.0,0.0,0
2026-10-07T21:47:36.244,67821.0,gun_dection,-59,0,1968,14,2.8,1963,2108,1991,176.7,9.1,False,0.0,0.0,0.0,0.0,0
2026-10-07T21:47:36.245,67896.0,gun_dection,-59,0,1971,14,2.8,1919,2171,2125,224.4,47.7,False,0.0,0.0,0.0,0.0,0
2026-10-07T21:47:36.254,67950.0,gun_dection,-59,0,1970,14,2.8,2003,2198,2141,246.0,21.6,False,0.0,0.0,0.0,0.0,0
2026-10-07T21:47:36.255,68014.0,gun_dection,-59,0,1972,14,2.8,2021,2175,2042,223.2,22.8,False,0.0,0.0,0.0,0.0,0
2026-10-07T21:47:36.255,68068.0,gun_dection,-59,0,1971,14,2.8,1972,2149,2163,205.3,17.8,False,0.0,0.0,0.0,0.0,0
2026-10-07T21:47:36.256,68132.0,gun_dection,-59,0,1967,14,2.8,1933,2073,2227,188.5,16.8,False,0.0,0.0,0.0,0.0,0
2026-10-07T21:47:36.278,68186.0,gun_dection,-59,0,1967,14,2.8,1979,2069,2087,109.6,78.9,False,0.0,0.0,0.0,0.0,0
2026-10-07T21:47:36.692,68250.0,gun_dection,-59,0,1967,14,2.8,1978,2065,2013,127.7,18.1,False,0.0,0.0,0.0,0.0,0
2026-10-07T21:47:36.693,68306.0,gun_dection,-59,0,1966,14,2.8,1983,2075,2069,116.6,11.1,False,0.0,0.0,0.0,0.0,0
2026-10-07T21:47:36.694,68361.0,gun_dection,-59,0,1968,14,2.8,1971,2175,2205,247.1,130.5,False,0.0,0.0,0.0,0.0,0
2026-10-07T21:47:36.707,68438.0,gun_dection,-59,0,1965,14,2.8,2013,2110,2117,157.1,90.0,False,0.0,0.0,0.0,0.0,0
2026-10-07T21:47:36.707,68504.0,gun_dection,-59,0,1965,14,2.8,2087,2057,2055,146.3,10.7,False,0.0,0.0,0.0,0.0,0
2026-10-07T21:47:36.708,68559.0,gun_dection,-59,0,1972,14,2.8,2013,2043,2099,90.2,56.1,False,0.0,0.0,0.0,0.0,0
2026-10-07T21:47:36.708,68623.0,gun_dection,-43,0,1973,14,2.8,2009,2159,2297,292.6,202.4,False,0.0,0.0,0.0,0.0,0
2026-10-07T21:47:36.746,68677.0,gun_dection,-43,0,1967,14,2.8,2041,2151,2205,233.7,58.9,False,0.0,0.0,0.0,0.0,0
2026-10-07T21:47:36.816,68741.0,gun_dection,-43,0,1966,14,2.8,2005,2136,2084,178.1,55.7,False,0.0,0.0,0.0,0.0,0
2026-10-07T21:47:36.864,68795.0,gun_dection,-43,0,1971,14,2.8,2025,2149,1997,213.3,35.2,False,0.0,0.0,0.0,0.0,0
2026-10-07T21:47:36.930,68859.0,gun_dection,-43,0,1966,14,2.8,2028,2147,1956,232.1,18.8,False,0.0,0.0,0.0,0.0,0
2026-10-07T21:47:36.986,68913.0,gun_dection,-43,0,1967,14,2.8,2039,2104,2040,161.7,70.4,False,0.0,0.0,0.0,0.0,0
2026-10-07T21:47:37.057,68987.0,gun_dection,-43,0,1968,14,2.8,2103,2083,2121,176.7,15.0,False,0.0,0.0,0.0,0.0,0
2026-10-07T21:47:37.125,69052.0,gun_dection,-43,0,1971,14,2.8,2127,2135,2189,250.4,73.7,False,0.0,0.0,0.0,0.0,0
2026-10-07T21:47:37.177,69106.0,gun_dection,-43,0,1967,14,2.8,2125,2133,2083,224.8,25.6,False,0.0,0.0,0.0,0.0,0
2026-10-07T21:47:37.240,69170.0,gun_dection,-43,0,1972,14,2.8,2087,2066,2068,150.5,74.4,False,0.0,0.0,0.0,0.0,0
2026-10-07T21:47:37.297,69224.0,gun_dection,-43,0,1969,14,2.8,2085,2063,2026,157.4,6.9,False,0.0,0.0,0.0,0.0,0
2026-10-07T21:47:37.357,69279.0,gun_dection,-43,0,1970,14,2.8,2055,2107,2036,171.7,14.3,False,0.0,0.0,0.0,0.0,0
2026-10-07T21:47:37.418,69345.0,gun_dection,-43,0,1972,14,2.8,2031,2118,2063,167.4,4.3,False,0.0,0.0,0.0,0.0,0
2026-10-07T21:47:37.472,69400.0,gun_dection,-43,0,1968,14,2.8,1989,2111,2174,176.0,8.7,False,0.0,0.0,0.0,0.0,0
2026-10-07T21:47:37.530,69456.0,gun_dection,-43,0,1972,14,2.8,1993,2105,2152,160.7,15.3,False,0.0,0.0,0.0,0.0,0
2026-10-07T21:47:37.605,69532.0,gun_dection,-43,0,1971,14,2.8,1965,2116,2093,157.7,3.0,False,0.0,0.0,0.0,0.0,0
2026-10-07T21:47:37.667,69597.0,gun_dection,-43,0,1957,14,2.8,2023,2123,2102,169.5,11.8,False,0.0,0.0,0.0,0.0,0
2026-10-07T21:47:37.719,69651.0,gun_dection,-43,0,1964,14,2.8,2017,2123,2129,173.0,3.5,False,0.0,0.0,0.0,0.0,0
2026-10-07T21:47:37.784,69715.0,gun_dection,-33,0,1971,14,2.8,2011,2095,2099,139.4,33.7,False,0.0,0.0,0.0,0.0,0
2026-10-07T21:47:37.843,69769.0,gun_dection,-33,0,1967,14,2.8,2018,2083,2093,129.0,10.4,False,0.0,0.0,0.0,0.0,0
2026-10-07T21:47:37.906,69833.0,gun_dection,-33,0,1971,14,2.8,2008,2127,2143,179.3,50.3,False,0.0,0.0,0.0,0.0,0
2026-10-07T21:47:37.956,69887.0,gun_dection,-33,0,1973,14,2.8,2001,2107,2119,152.7,26.6,False,0.0,0.0,0.0,0.0,0
2026-10-07T21:47:38.021,69951.0,gun_dection,-33,0,1971,14,2.8,1989,2070,2101,112.0,40.7,False,0.0,0.0,0.0,0.0,0
2026-10-07T21:47:38.078,70005.0,gun_dection,-33,0,1971,14,2.8,2019,2071,2147,133.0,21.0,False,0.0,0.0,0.0,0.0,0
2026-10-07T21:47:38.151,70080.0,gun_dection,-33,0,1975,14,2.8,2007,2088,2127,137.6,4.6,False,0.0,0.0,0.0,0.0,0
2026-10-07T21:47:38.215,70144.0,gun_dection,-33,0,1971,14,2.8,2007,2078,2125,127.7,9.9,False,0.0,0.0,0.0,0.0,0
2026-10-07T21:47:38.270,70198.0,gun_dection,-33,0,1965,14,2.8,2009,2065,2119,114.2,13.5,False,0.0,0.0,0.0,0.0,0
2026-10-07T21:47:38.330,70253.0,gun_dection,-33,0,1966,14,2.8,2002,1983,2100,34.4,79.8,False,0.0,0.0,0.0,0.0,0
2026-10-07T21:47:38.395,70319.0,gun_dection,-33,0,1965,14,2.8,1963,2037,2124,89.0,54.5,False,0.0,0.0,0.0,0.0,0
2026-10-07T21:47:38.449,70374.0,gun_dection,-33,0,1971,14,2.8,2036,1981,2130,73.5,15.5,False,0.0,0.0,0.0,0.0,0
2026-10-07T21:47:38.766,70430.0,gun_dection,-33,0,1971,14,2.8,1965,1940,2057,38.2,35.3,False,0.0,0.0,0.0,0.0,0
2026-10-07T21:47:38.766,70496.0,gun_dection,-33,0,1971,14,2.8,1990,2065,2215,167.6,129.4,False,0.0,0.0,0.0,0.0,0
2026-10-07T21:47:38.767,70550.0,gun_dection,-33,0,1972,14,2.8,1979,2041,2106,84.1,83.5,False,0.0,0.0,0.0,0.0,0
2026-10-07T21:47:38.767,70625.0,gun_dection,-33,0,1971,14,2.8,1991,2003,2120,56.4,27.8,False,0.0,0.0,0.0,0.0,0
2026-10-07T21:47:38.786,70689.0,gun_dection,-33,0,1971,14,2.8,2012,2015,2099,64.2,7.9,False,0.0,0.0,0.0,0.0,0
2026-10-07T21:47:38.813,70743.0,gun_dection,-33,0,1967,14,2.8,2015,2023,2121,79.6,15.4,False,0.0,0.0,0.0,0.0,0
2026-10-07T21:47:38.878,70808.0,gun_dection,-33,0,1972,14,2.8,2005,2023,2116,73.7,6.0,False,0.0,0.0,0.0,0.0,0
2026-10-07T21:47:38.932,70862.0,gun_dection,-31,0,1973,14,2.8,2012,2025,2107,74.5,0.8,False,0.0,0.0,0.0,0.0,0
2026-10-07T21:47:38.999,70926.0,gun_dection,-31,0,1967,14,2.8,2023,2023,2107,77.8,3.3,False,0.0,0.0,0.0,0.0,0
2026-10-07T21:47:39.049,70980.0,gun_dection,-31,0,1971,14,2.8,2013,2015,2117,70.1,7.7,False,0.0,0.0,0.0,0.0,0
2026-10-07T21:47:39.114,71044.0,gun_dection,-31,0,1969,14,2.8,2023,2024,2093,75.6,5.5,False,0.0,0.0,0.0,0.0,0
2026-10-07T21:47:39.169,71098.0,gun_dection,-31,0,1971,14,2.8,2011,2015,2105,64.3,11.3,False,0.0,0.0,0.0,0.0,0
2026-10-07T21:47:39.242,71172.0,gun_dection,-31,0,1967,14,2.8,2023,2013,2101,67.8,3.4,False,0.0,0.0,0.0,0.0,0
2026-10-07T21:47:39.311,71237.0,gun_dection,-31,0,1973,14,2.8,2031,2011,2089,69.6,1.9,False,0.0,0.0,0.0,0.0,0
2026-10-07T21:47:39.363,71292.0,gun_dection,-31,0,1967,14,2.8,2027,2005,2108,66.3,3.3,False,0.0,0.0,0.0,0.0,0
2026-10-07T21:47:39.425,71347.0,gun_dection,-31,0,1971,14,2.8,2019,2023,2115,77.5,11.2,False,0.0,0.0,0.0,0.0,0
2026-10-07T21:47:39.484,71413.0,gun_dection,-31,0,1972,14,2.8,2019,2018,2103,69.4,8.0,False,0.0,0.0,0.0,0.0,0
2026-10-07T21:47:39.549,71469.0,gun_dection,-31,0,1975,14,2.8,2029,2011,2125,78.3,8.9,False,0.0,0.0,0.0,0.0,0
2026-10-07T21:47:39.593,71524.0,gun_dection,-31,0,1972,14,2.8,2025,2014,2104,69.6,8.7,False,0.0,0.0,0.0,0.0,0
2026-10-07T21:47:39.660,71588.0,gun_dection,-31,0,1965,14,2.8,2035,2019,2095,77.9,8.2,False,0.0,0.0,0.0,0.0,0
2026-10-07T21:47:39.713,71643.0,gun_dection,-31,0,1972,14,2.8,2029,2003,2107,65.1,12.7,False,0.0,0.0,0.0,0.0,0
2026-10-07T21:47:39.787,71717.0,gun_dection,-31,0,1967,14,2.8,2023,2020,2094,70.9,5.7,False,0.0,0.0,0.0,0.0,0
2026-10-07T21:47:39.853,71782.0,gun_dection,-31,0,1967,14,2.8,2032,2009,2096,68.4,2.5,False,0.0,0.0,0.0,0.0,0
2026-10-07T21:47:39.908,71836.0,gun_dection,-31,0,1965,14,2.8,2025,2015,2111,71.8,3.5,False,0.0,0.0,0.0,0.0,0
2026-10-07T21:47:39.973,71900.0,gun_dection,-31,0,1980,14,2.8,2023,2015,2110,70.2,1.6,False,0.0,0.0,0.0,0.0,0
2026-10-07T21:47:40.026,71954.0,gun_dection,-28,0,1967,14,2.8,2025,2018,2110,73.5,3.3,False,0.0,0.0,0.0,0.0,0
2026-10-07T21:47:40.096,72018.0,gun_dection,-28,0,1971,14,2.8,2026,2021,2091,72.4,1.0,False,0.0,0.0,0.0,0.0,0
2026-10-07T21:47:40.141,72072.0,gun_dection,-28,0,1967,14,2.8,2029,2017,2111,75.1,2.7,False,0.0,0.0,0.0,0.0,0
2026-10-07T21:47:40.208,72136.0,gun_dection,-28,0,1965,14,2.8,2031,2015,2104,72.7,2.4,False,0.0,0.0,0.0,0.0,0
2026-10-07T21:47:40.264,72190.0,gun_dection,-28,0,1968,14,2.8,2019,2021,2109,71.8,0.9,False,0.0,0.0,0.0,0.0,0
2026-10-07T21:47:40.339,72265.0,gun_dection,-28,0,1972,14,2.8,2029,2018,2099,72.3,0.5,False,0.0,0.0,0.0,0.0,0
